{
  "arith": {
    "Falcon3-10B-Base": {
      "plain_bias": -0.15333333333333332,
      "kfold_bias": 0.08333333333333333,
      "plain_acc": 0.8716666666666667,
      "kfold_acc": 0.9066666666666666
    },
    "Falcon3-10B-Instruct": {
      "plain_bias": 0.10833333333333334,
      "kfold_bias": 0.155,
      "plain_acc": 0.9208333333333333,
      "kfold_acc": 0.9075
    },
    "Falcon3-3B-Base": {
      "plain_bias": 0.13833333333333334,
      "kfold_bias": 0.14,
      "plain_acc": 0.8758333333333334,
      "kfold_acc": 0.875
    },
    "Falcon3-3B-Instruct": {
      "plain_bias": 0.17166666666666666,
      "kfold_bias": 0.17333333333333334,
      "plain_acc": 0.8741666666666666,
      "kfold_acc": 0.875
    }
  }
}