{
  "babi": {
    "Qwen1.5-7B": {
      "plain_bias": -0.5083333333333333,
      "kfold_bias": -0.03833333333333333,
      "plain_acc": 0.7458333333333333,
      "kfold_acc": 0.8925
    },
    "Qwen1.5-7B-Chat": {
      "plain_bias": 0.11166666666666666,
      "kfold_bias": -0.13333333333333333,
      "plain_acc": 0.8491666666666666,
      "kfold_acc": 0.865
    },
    "Qwen1.5-32B": {
      "plain_bias": 0.005,
      "kfold_bias": 0.07,
      "plain_acc": 0.9125,
      "kfold_acc": 0.905
    },
    "Qwen1.5-32B-Chat": {
      "plain_bias": 0.07666666666666666,
      "kfold_bias": 0.06833333333333333,
      "plain_acc": 0.8833333333333333,
      "kfold_acc": 0.8858333333333334
    }
  }
}