{
  "comps": {
    "mpt-7b": {
      "plain_bias": -0.8838095238095238,
      "kfold_bias": -0.02095238095238095,
      "plain_acc": 0.5585714285714286,
      "kfold_acc": 0.81
    },
    "mpt-7b-chat": {
      "plain_bias": -0.41904761904761906,
      "kfold_bias": 0.05904761904761905,
      "plain_acc": 0.7585714285714286,
      "kfold_acc": 0.8176190476190476
    },
    "mpt-30b": {
      "plain_bias": -0.4180952380952381,
      "kfold_bias": -0.03142857142857143,
      "plain_acc": 0.7647619047619048,
      "kfold_acc": 0.8266666666666667
    },
    "mpt-30b-chat": {
      "plain_bias": -0.19523809523809524,
      "kfold_bias": -0.0380952380952381,
      "plain_acc": 0.8457142857142858,
      "kfold_acc": 0.8623809523809524
    }
  }
}