{
  "arith": {
    "mpt-7b": {
      "plain_bias": -0.7966666666666666,
      "kfold_bias": 0.06166666666666667,
      "plain_acc": 0.545,
      "kfold_acc": 0.6041666666666666
    },
    "mpt-7b-chat": {
      "plain_bias": 0.01,
      "kfold_bias": 0.28833333333333333,
      "plain_acc": 0.7166666666666667,
      "kfold_acc": 0.7125
    },
    "mpt-30b": {
      "plain_bias": -0.25,
      "kfold_bias": 0.3283333333333333,
      "plain_acc": 0.6866666666666666,
      "kfold_acc": 0.7408333333333333
    },
    "mpt-30b-chat": {
      "plain_bias": 0.041666666666666664,
      "kfold_bias": 0.18166666666666667,
      "plain_acc": 0.7125,
      "kfold_acc": 0.7525
    }
  }
}