{
  "arith": {
    "Llama-2-7b-hf": {
      "plain_bias": 0.9983333333333333,
      "kfold_bias": -0.07666666666666666,
      "plain_acc": 0.5008333333333334,
      "kfold_acc": 0.6933333333333334
    },
    "Llama-2-7b-chat-hf": {
      "plain_bias": 0.755,
      "kfold_bias": -0.02666666666666667,
      "plain_acc": 0.6175,
      "kfold_acc": 0.725
    },
    "Llama-2-13b-hf": {
      "plain_bias": 0.5383333333333333,
      "kfold_bias": 0.11,
      "plain_acc": 0.7225,
      "kfold_acc": 0.8166666666666667
    },
    "Llama-2-13b-chat-hf": {
      "plain_bias": -0.49666666666666665,
      "kfold_bias": 0.03666666666666667,
      "plain_acc": 0.69,
      "kfold_acc": 0.7933333333333333
    }
  }
}