{
  "babi": {
    "Llama-2-7b-hf": {
      "plain_bias": -0.7666666666666667,
      "kfold_bias": 0.04833333333333333,
      "plain_acc": 0.55,
      "kfold_acc": 0.7708333333333334
    },
    "Llama-2-7b-chat-hf": {
      "plain_bias": -0.8083333333333333,
      "kfold_bias": 0.10666666666666667,
      "plain_acc": 0.5408333333333334,
      "kfold_acc": 0.7933333333333333
    },
    "Llama-2-13b-hf": {
      "plain_bias": -0.31,
      "kfold_bias": -0.03166666666666667,
      "plain_acc": 0.7216666666666667,
      "kfold_acc": 0.7858333333333334
    },
    "Llama-2-13b-chat-hf": {
      "plain_bias": -0.3566666666666667,
      "kfold_bias": 0.021666666666666667,
      "plain_acc": 0.7833333333333333,
      "kfold_acc": 0.8158333333333333
    }
  }
}