{
  "arith": {
    "Llama-2-7b-hf": {
      "plain_bias": -0.42,
      "kfold_bias": 0.13666666666666666,
      "plain_acc": 0.635,
      "kfold_acc": 0.6666666666666666
    },
    "Llama-2-7b-chat-hf": {
      "plain_bias": -0.3433333333333333,
      "kfold_bias": -0.016666666666666666,
      "plain_acc": 0.68,
      "kfold_acc": 0.7316666666666667
    },
    "Llama-2-13b-hf": {
      "plain_bias": -0.08,
      "kfold_bias": 0.06333333333333334,
      "plain_acc": 0.68,
      "kfold_acc": 0.7
    },
    "Llama-2-13b-chat-hf": {
      "plain_bias": -0.5683333333333334,
      "kfold_bias": -0.0033333333333333335,
      "plain_acc": 0.6891666666666667,
      "kfold_acc": 0.7833333333333333
    }
  }
}