{
  "arith": {
    "mpt-7b": {
      "plain_bias": -0.505,
      "kfold_bias": -0.011666666666666667,
      "plain_acc": 0.6125,
      "kfold_acc": 0.6391666666666667
    },
    "mpt-7b-chat": {
      "plain_bias": -0.9983333333333333,
      "kfold_bias": 0.085,
      "plain_acc": 0.5008333333333334,
      "kfold_acc": 0.5941666666666666
    },
    "mpt-30b": {
      "plain_bias": -0.5616666666666666,
      "kfold_bias": -0.07333333333333333,
      "plain_acc": 0.6441666666666667,
      "kfold_acc": 0.7216666666666667
    },
    "mpt-30b-chat": {
      "plain_bias": -0.9266666666666666,
      "kfold_bias": 0.03666666666666667,
      "plain_acc": 0.5316666666666666,
      "kfold_acc": 0.6983333333333334
    }
  }
}