{
  "babi": {
    "mpt-7b": {
      "plain_bias": -0.9316666666666666,
      "kfold_bias": 0.205,
      "plain_acc": 0.5241666666666667,
      "kfold_acc": 0.6458333333333334
    },
    "mpt-7b-chat": {
      "plain_bias": -0.21166666666666667,
      "kfold_bias": 0.04666666666666667,
      "plain_acc": 0.5591666666666667,
      "kfold_acc": 0.5516666666666666
    },
    "mpt-30b": {
      "plain_bias": -0.7933333333333333,
      "kfold_bias": 0.028333333333333332,
      "plain_acc": 0.5866666666666667,
      "kfold_acc": 0.7275
    },
    "mpt-30b-chat": {
      "plain_bias": -0.6133333333333333,
      "kfold_bias": 0.11666666666666667,
      "plain_acc": 0.6733333333333333,
      "kfold_acc": 0.7933333333333333
    }
  }
}