{
  "comps": {
    "Falcon3-10B-Base": {
      "plain_bias": -0.03142857142857143,
      "kfold_bias": 0.05238095238095238,
      "plain_acc": 0.8847619047619047,
      "kfold_acc": 0.8809523809523809
    },
    "Falcon3-10B-Instruct": {
      "plain_bias": 0.0380952380952381,
      "kfold_bias": 0.05904761904761905,
      "plain_acc": 0.8538095238095238,
      "kfold_acc": 0.8528571428571429
    },
    "Falcon3-3B-Base": {
      "plain_bias": 0.049523809523809526,
      "kfold_bias": -0.08857142857142856,
      "plain_acc": 0.8357142857142857,
      "kfold_acc": 0.8333333333333334
    },
    "Falcon3-3B-Instruct": {
      "plain_bias": 0.039047619047619046,
      "kfold_bias": 0.023809523809523808,
      "plain_acc": 0.8066666666666666,
      "kfold_acc": 0.8066666666666666
    }
  }
}