{
  "social_interactions": {
    "Qwen1.5-7B": {
      "plain_bias": -0.41935483870967744,
      "kfold_bias": -0.12903225806451613,
      "plain_acc": 0.7903225806451613,
      "kfold_acc": 0.8709677419354839
    },
    "Qwen1.5-7B-Chat": {
      "plain_bias": 0.08064516129032258,
      "kfold_bias": -0.14516129032258066,
      "plain_acc": 0.8951612903225806,
      "kfold_acc": 0.8629032258064516
    },
    "Qwen1.5-32B": {
      "plain_bias": -0.12903225806451613,
      "kfold_bias": -0.016129032258064516,
      "plain_acc": 0.9354838709677419,
      "kfold_acc": 0.9435483870967742
    },
    "Qwen1.5-32B-Chat": {
      "plain_bias": -0.0967741935483871,
      "kfold_bias": -0.03225806451612903,
      "plain_acc": 0.9193548387096774,
      "kfold_acc": 0.9516129032258065
    }
  },
  "social_properties": {
    "Qwen1.5-7B": {
      "plain_bias": -0.6756756756756757,
      "kfold_bias": 0.05405405405405406,
      "plain_acc": 0.6216216216216216,
      "kfold_acc": 0.8783783783783784
    },
    "Qwen1.5-7B-Chat": {
      "plain_bias": -0.08108108108108109,
      "kfold_bias": -0.08108108108108109,
      "plain_acc": 0.8648648648648649,
      "kfold_acc": 0.8648648648648649
    },
    "Qwen1.5-32B": {
      "plain_bias": -0.06756756756756757,
      "kfold_bias": -0.013513513513513514,
      "plain_acc": 0.9256756756756757,
      "kfold_acc": 0.9391891891891891
    },
    "Qwen1.5-32B-Chat": {
      "plain_bias": -0.10810810810810811,
      "kfold_bias": -0.04054054054054054,
      "plain_acc": 0.9054054054054054,
      "kfold_acc": 0.9391891891891891
    }
  },
  "material_dynamics": {
    "Qwen1.5-7B": {
      "plain_bias": -0.7761194029850746,
      "kfold_bias": 0.09090909090909091,
      "plain_acc": 0.6119402985074627,
      "kfold_acc": 0.7014925373134329
    },
    "Qwen1.5-7B-Chat": {
      "plain_bias": 0.8059701492537313,
      "kfold_bias": 0.09090909090909091,
      "plain_acc": 0.5970149253731343,
      "kfold_acc": 0.746268656716418
    },
    "Qwen1.5-32B": {
      "plain_bias": -0.19402985074626866,
      "kfold_bias": 0.030303030303030304,
      "plain_acc": 0.7388059701492538,
      "kfold_acc": 0.7761194029850746
    },
    "Qwen1.5-32B-Chat": {
      "plain_bias": 0.04477611940298507,
      "kfold_bias": 0.09090909090909091,
      "plain_acc": 0.8134328358208955,
      "kfold_acc": 0.8059701492537313
    }
  },
  "social_relations": {
    "Qwen1.5-7B": {
      "plain_bias": -0.6585365853658537,
      "kfold_bias": -0.07317073170731707,
      "plain_acc": 0.6524390243902439,
      "kfold_acc": 0.6707317073170732
    },
    "Qwen1.5-7B-Chat": {
      "plain_bias": 0.2865853658536585,
      "kfold_bias": -0.06707317073170732,
      "plain_acc": 0.6859756097560976,
      "kfold_acc": 0.6737804878048781
    },
    "Qwen1.5-32B": {
      "plain_bias": -0.2621951219512195,
      "kfold_bias": -0.18292682926829268,
      "plain_acc": 0.801829268292683,
      "kfold_acc": 0.7987804878048781
    },
    "Qwen1.5-32B-Chat": {
      "plain_bias": -0.17682926829268292,
      "kfold_bias": -0.10365853658536585,
      "plain_acc": 0.8079268292682927,
      "kfold_acc": 0.8140243902439024
    }
  },
  "quantitative_properties": {
    "Qwen1.5-7B": {
      "plain_bias": -0.5217391304347826,
      "kfold_bias": -0.10294117647058823,
      "plain_acc": 0.6956521739130435,
      "kfold_acc": 0.7463768115942029
    },
    "Qwen1.5-7B-Chat": {
      "plain_bias": 0.5652173913043478,
      "kfold_bias": -0.11764705882352941,
      "plain_acc": 0.6884057971014492,
      "kfold_acc": 0.7391304347826086
    },
    "Qwen1.5-32B": {
      "plain_bias": 0.014492753623188406,
      "kfold_bias": 0.0,
      "plain_acc": 0.9057971014492754,
      "kfold_acc": 0.8985507246376812
    },
    "Qwen1.5-32B-Chat": {
      "plain_bias": 0.028985507246376812,
      "kfold_bias": 0.0,
      "plain_acc": 0.927536231884058,
      "kfold_acc": 0.9130434782608695
    }
  },
  "physical_dynamics": {
    "Qwen1.5-7B": {
      "plain_bias": -0.7666666666666667,
      "kfold_bias": 0.06666666666666667,
      "plain_acc": 0.55,
      "kfold_acc": 0.6333333333333333
    },
    "Qwen1.5-7B-Chat": {
      "plain_bias": -0.1,
      "kfold_bias": -0.06666666666666667,
      "plain_acc": 0.7166666666666667,
      "kfold_acc": 0.7333333333333333
    },
    "Qwen1.5-32B": {
      "plain_bias": -0.43333333333333335,
      "kfold_bias": 0.06666666666666667,
      "plain_acc": 0.75,
      "kfold_acc": 0.7
    },
    "Qwen1.5-32B-Chat": {
      "plain_bias": -0.2,
      "kfold_bias": -0.1,
      "plain_acc": 0.7666666666666667,
      "kfold_acc": 0.7833333333333333
    }
  },
  "agent_properties": {
    "Qwen1.5-7B": {
      "plain_bias": -0.7210884353741497,
      "kfold_bias": 0.05102040816326531,
      "plain_acc": 0.6122448979591837,
      "kfold_acc": 0.7261904761904762
    },
    "Qwen1.5-7B-Chat": {
      "plain_bias": 0.7108843537414966,
      "kfold_bias": -0.16326530612244897,
      "plain_acc": 0.6275510204081632,
      "kfold_acc": 0.7346938775510204
    },
    "Qwen1.5-32B": {
      "plain_bias": 0.08503401360544217,
      "kfold_bias": 0.10204081632653061,
      "plain_acc": 0.8384353741496599,
      "kfold_acc": 0.8367346938775511
    },
    "Qwen1.5-32B-Chat": {
      "plain_bias": 0.12585034013605442,
      "kfold_bias": 0.1326530612244898,
      "plain_acc": 0.8622448979591837,
      "kfold_acc": 0.858843537414966
    }
  },
  "physical_interactions": {
    "Qwen1.5-7B": {
      "plain_bias": -0.9456521739130435,
      "kfold_bias": 0.03260869565217391,
      "plain_acc": 0.5163043478260869,
      "kfold_acc": 0.6032608695652174
    },
    "Qwen1.5-7B-Chat": {
      "plain_bias": 0.11956521739130435,
      "kfold_bias": 0.03260869565217391,
      "plain_acc": 0.6141304347826086,
      "kfold_acc": 0.592391304347826
    },
    "Qwen1.5-32B": {
      "plain_bias": -0.4891304347826087,
      "kfold_bias": -0.11956521739130435,
      "plain_acc": 0.592391304347826,
      "kfold_acc": 0.625
    },
    "Qwen1.5-32B-Chat": {
      "plain_bias": -0.21739130434782608,
      "kfold_bias": -0.05434782608695652,
      "plain_acc": 0.6195652173913043,
      "kfold_acc": 0.6467391304347826
    }
  },
  "material_properties": {
    "Qwen1.5-7B": {
      "plain_bias": -0.86,
      "kfold_bias": -0.02,
      "plain_acc": 0.55,
      "kfold_acc": 0.77
    },
    "Qwen1.5-7B-Chat": {
      "plain_bias": 0.28,
      "kfold_bias": -0.14,
      "plain_acc": 0.72,
      "kfold_acc": 0.79
    },
    "Qwen1.5-32B": {
      "plain_bias": -0.2,
      "kfold_bias": 0.06,
      "plain_acc": 0.84,
      "kfold_acc": 0.87
    },
    "Qwen1.5-32B-Chat": {
      "plain_bias": -0.04,
      "kfold_bias": 0.0,
      "plain_acc": 0.86,
      "kfold_acc": 0.88
    }
  },
  "physical_relations": {
    "Qwen1.5-7B": {
      "plain_bias": -0.8913043478260869,
      "kfold_bias": 0.10869565217391304,
      "plain_acc": 0.5434782608695652,
      "kfold_acc": 0.5869565217391305
    },
    "Qwen1.5-7B-Chat": {
      "plain_bias": 0.21739130434782608,
      "kfold_bias": -0.05434782608695652,
      "plain_acc": 0.5543478260869565,
      "kfold_acc": 0.592391304347826
    },
    "Qwen1.5-32B": {
      "plain_bias": 0.021739130434782608,
      "kfold_bias": 0.09782608695652174,
      "plain_acc": 0.6195652173913043,
      "kfold_acc": 0.6141304347826086
    },
    "Qwen1.5-32B-Chat": {
      "plain_bias": 0.21739130434782608,
      "kfold_bias": 0.13043478260869565,
      "plain_acc": 0.6847826086956522,
      "kfold_acc": 0.6739130434782609
    }
  },
  "spatial_relations": {
    "Qwen1.5-7B": {
      "plain_bias": -0.8378378378378378,
      "kfold_bias": -0.08108108108108109,
      "plain_acc": 0.5405405405405406,
      "kfold_acc": 0.527027027027027
    },
    "Qwen1.5-7B-Chat": {
      "plain_bias": 0.918918918918919,
      "kfold_bias": -0.013513513513513514,
      "plain_acc": 0.5405405405405406,
      "kfold_acc": 0.6148648648648649
    },
    "Qwen1.5-32B": {
      "plain_bias": 0.20270270270270271,