{
  "babi": {
    "Llama-2-7b-hf": {
      "plain_bias": -1.0,
      "kfold_bias": 0.09833333333333333,
      "plain_acc": 0.5,
      "kfold_acc": 0.7641666666666667
    },
    "Llama-2-7b-chat-hf": {
      "plain_bias": -0.2733333333333333,
      "kfold_bias": 0.016666666666666666,
      "plain_acc": 0.8016666666666666,
      "kfold_acc": 0.7966666666666666
    },
    "Llama-2-13b-hf": {
      "plain_bias": -0.9233333333333333,
      "kfold_bias": 0.115,
      "plain_acc": 0.5383333333333333,
      "kfold_acc": 0.7925
    },
    "Llama-2-13b-chat-hf": {
      "plain_bias": -0.19666666666666666,
      "kfold_bias": 0.02,
      "plain_acc": 0.8666666666666667,
      "kfold_acc": 0.8483333333333334
    }
  }
}