{
  "social_interactions": {
    "Llama-2-7b-hf": {
      "plain_bias": -0.6612903225806451,
      "kfold_bias": 0.0,
      "plain_acc": 0.6693548387096774,
      "kfold_acc": 0.8870967741935484
    },
    "Llama-2-7b-chat-hf": {
      "plain_bias": -0.3064516129032258,
      "kfold_bias": -0.08064516129032258,
      "plain_acc": 0.8306451612903226,
      "kfold_acc": 0.9112903225806451
    },
    "Llama-2-13b-hf": {
      "plain_bias": -0.5483870967741935,
      "kfold_bias": -0.04838709677419355,
      "plain_acc": 0.7258064516129032,
      "kfold_acc": 0.8951612903225806
    },
    "Llama-2-13b-chat-hf": {
      "plain_bias": -0.0967741935483871,
      "kfold_bias": 0.03225806451612903,
      "plain_acc": 0.9193548387096774,
      "kfold_acc": 0.9354838709677419
    }
  },
  "social_properties": {
    "Llama-2-7b-hf": {
      "plain_bias": -0.9054054054054054,
      "kfold_bias": 0.06756756756756757,
      "plain_acc": 0.5472972972972973,
      "kfold_acc": 0.8445945945945946
    },
    "Llama-2-7b-chat-hf": {
      "plain_bias": -0.6486486486486487,
      "kfold_bias": -0.05405405405405406,
      "plain_acc": 0.6756756756756757,
      "kfold_acc": 0.8513513513513513
    },
    "Llama-2-13b-hf": {
      "plain_bias": -0.5135135135135135,
      "kfold_bias": 0.04054054054054054,
      "plain_acc": 0.7027027027027027,
      "kfold_acc": 0.8445945945945946
    },
    "Llama-2-13b-chat-hf": {
      "plain_bias": -0.2702702702702703,
      "kfold_bias": -0.08108108108108109,
      "plain_acc": 0.8243243243243243,
      "kfold_acc": 0.9054054054054054
    }
  },
  "material_dynamics": {
    "Llama-2-7b-hf": {
      "plain_bias": -0.9701492537313433,
      "kfold_bias": -0.10606060606060606,
      "plain_acc": 0.5149253731343284,
      "kfold_acc": 0.7089552238805971
    },
    "Llama-2-7b-chat-hf": {
      "plain_bias": -0.47761194029850745,
      "kfold_bias": 0.07575757575757576,
      "plain_acc": 0.6716417910447762,
      "kfold_acc": 0.6791044776119403
    },
    "Llama-2-13b-hf": {
      "plain_bias": -0.8507462686567164,
      "kfold_bias": 0.15151515151515152,
      "plain_acc": 0.5447761194029851,
      "kfold_acc": 0.6716417910447762
    },
    "Llama-2-13b-chat-hf": {
      "plain_bias": -0.014925373134328358,
      "kfold_bias": 0.13636363636363635,
      "plain_acc": 0.7686567164179104,
      "kfold_acc": 0.7238805970149254
    }
  },
  "social_relations": {
    "Llama-2-7b-hf": {
      "plain_bias": -0.975609756097561,
      "kfold_bias": 0.0,
      "plain_acc": 0.5121951219512195,
      "kfold_acc": 0.6524390243902439
    },
    "Llama-2-7b-chat-hf": {
      "plain_bias": -0.7012195121951219,
      "kfold_bias": -0.024390243902439025,
      "plain_acc": 0.6189024390243902,
      "kfold_acc": 0.6463414634146342
    },
    "Llama-2-13b-hf": {
      "plain_bias": -0.7987804878048781,
      "kfold_bias": 0.03048780487804878,
      "plain_acc": 0.5823170731707317,
      "kfold_acc": 0.649390243902439
    },
    "Llama-2-13b-chat-hf": {
      "plain_bias": -0.2865853658536585,
      "kfold_bias": 0.006097560975609756,
      "plain_acc": 0.6737804878048781,
      "kfold_acc": 0.6554878048780488
    }
  },
  "quantitative_properties": {
    "Llama-2-7b-hf": {
      "plain_bias": -0.9130434782608695,
      "kfold_bias": 0.25,
      "plain_acc": 0.5289855072463768,
      "kfold_acc": 0.644927536231884
    },
    "Llama-2-7b-chat-hf": {
      "plain_bias": -0.4492753623188406,
      "kfold_bias": 0.11764705882352941,
      "plain_acc": 0.6159420289855072,
      "kfold_acc": 0.6811594202898551
    },
    "Llama-2-13b-hf": {
      "plain_bias": -0.42028985507246375,
      "kfold_bias": -0.058823529411764705,
      "plain_acc": 0.717391304347826,
      "kfold_acc": 0.7536231884057971
    },
    "Llama-2-13b-chat-hf": {
      "plain_bias": 0.043478260869565216,
      "kfold_bias": 0.16176470588235295,
      "plain_acc": 0.8333333333333334,
      "kfold_acc": 0.8478260869565217
    }
  },
  "physical_dynamics": {
    "Llama-2-7b-hf": {
      "plain_bias": -0.9666666666666667,
      "kfold_bias": -0.13333333333333333,
      "plain_acc": 0.5166666666666667,
      "kfold_acc": 0.6333333333333333
    },
    "Llama-2-7b-chat-hf": {
      "plain_bias": -0.8,
      "kfold_bias": -0.06666666666666667,
      "plain_acc": 0.6,
      "kfold_acc": 0.5666666666666667
    },
    "Llama-2-13b-hf": {
      "plain_bias": -0.9333333333333333,
      "kfold_bias": 0.06666666666666667,
      "plain_acc": 0.5333333333333333,
      "kfold_acc": 0.6666666666666666
    },
    "Llama-2-13b-chat-hf": {
      "plain_bias": -0.4,
      "kfold_bias": 0.03333333333333333,
      "plain_acc": 0.7,
      "kfold_acc": 0.6833333333333333
    }
  },
  "agent_properties": {
    "Llama-2-7b-hf": {
      "plain_bias": -0.8163265306122449,
      "kfold_bias": -0.09183673469387756,
      "plain_acc": 0.5782312925170068,
      "kfold_acc": 0.6275510204081632
    },
    "Llama-2-7b-chat-hf": {
      "plain_bias": -0.3843537414965986,
      "kfold_bias": 0.1054421768707483,
      "plain_acc": 0.6615646258503401,
      "kfold_acc": 0.6683673469387755
    },
    "Llama-2-13b-hf": {
      "plain_bias": -0.5782312925170068,
      "kfold_bias": 0.1360544217687075,
      "plain_acc": 0.6700680272108843,
      "kfold_acc": 0.7380952380952381
    },
    "Llama-2-13b-chat-hf": {
      "plain_bias": -0.22448979591836735,
      "kfold_bias": 0.09183673469387756,
      "plain_acc": 0.7653061224489796,
      "kfold_acc": 0.7772108843537415
    }
  },
  "physical_interactions": {
    "Llama-2-7b-hf": {
      "plain_bias": -0.9891304347826086,
      "kfold_bias": -0.021739130434782608,
      "plain_acc": 0.5054347826086957,
      "kfold_acc": 0.5543478260869565
    },
    "Llama-2-7b-chat-hf": {
      "plain_bias": -0.8586956521739131,
      "kfold_bias": -0.13043478260869565,
      "plain_acc": 0.5380434782608695,
      "kfold_acc": 0.5543478260869565
    },
    "Llama-2-13b-hf": {
      "plain_bias": -0.9347826086956522,
      "kfold_bias": 0.05434782608695652,
      "plain_acc": 0.532608695652174,
      "kfold_acc": 0.6141304347826086
    },
    "Llama-2-13b-chat-hf": {
      "plain_bias": -0.43478260869565216,
      "kfold_bias": 0.10869565217391304,
      "plain_acc": 0.6195652173913043,
      "kfold_acc": 0.6086956521739131
    }
  },
  "material_properties": {
    "Llama-2-7b-hf": {
      "plain_bias": -0.96,
      "kfold_bias": 0.04,
      "plain_acc": 0.52,
      "kfold_acc": 0.62
    },
    "Llama-2-7b-chat-hf": {
      "plain_bias": -0.86,
      "kfold_bias": 0.12,
      "plain_acc": 0.55,
      "kfold_acc": 0.6
    },
    "Llama-2-13b-hf": {
      "plain_bias": -0.76,
      "kfold_bias": 0.06,
      "plain_acc": 0.56,
      "kfold_acc": 0.71
    },
    "Llama-2-13b-chat-hf": {
      "plain_bias": -0.46,
      "kfold_bias": 0.08,
      "plain_acc": 0.75,
      "kfold_acc": 0.74
    }
  },
  "physical_relations": {
    "Llama-2-7b-hf": {
      "plain_bias": -1.0,
      "kfold_bias": 0.08695652173913043,
      "plain_acc": 0.5,
      "kfold_acc": 0.5652173913043478
    },
    "Llama-2-7b-chat-hf": {
      "plain_bias": -0.8043478260869565,
      "kfold_bias": 0.18478260869565216,
      "plain_acc": 0.5217391304347826,
      "kfold_acc": 0.5163043478260869
    },
    "Llama-2-13b-hf": {
      "plain_bias": -0.9239130434782609,
      "kfold_bias": 0.06521739130434782,
      "plain_acc": 0.5271739130434783,
      "kfold_acc": 0.5434782608695652
    },
    "Llama-2-13b-chat-hf": {
      "plain_bias": -0.4891304347826087,
      "kfold_bias": 0.16304347826086957,
      "plain_acc": 0.5597826086956522,
      "kfold_acc": 0.5815217391304348
    }
  },
  "spatial_relations": {
    "Llama-2-7b-hf": {
      "plain_bias": -1.0,
      "kfold_bias": 0.14864864864864866,
      "plain_acc": 0.5,
      "kfold_acc": 0.5337837837837838
    },
    "Llama-2-7b-chat-hf": {
      "plain_bias": -0.40540540540540543,
      "kfold_bias": 0.06756756756756757,
      "plain_acc": 0.5540540540540541,