{
  "comps": {
    "Qwen1.5-7B": {
      "plain_bias": -0.23238095238095238,
      "kfold_bias": -0.02095238095238095,
      "plain_acc": 0.81,
      "kfold_acc": 0.8147619047619048
    },
    "Qwen1.5-7B-Chat": {
      "plain_bias": 0.15619047619047619,
      "kfold_bias": -0.005714285714285714,
      "plain_acc": 0.8338095238095238,
      "kfold_acc": 0.8471428571428572
    },
    "Qwen1.5-32B": {
      "plain_bias": -0.05333333333333334,
      "kfold_bias": 0.02761904761904762,
      "plain_acc": 0.888095238095238,
      "kfold_acc": 0.8895238095238095
    },
    "Qwen1.5-32B-Chat": {
      "plain_bias": 0.09238095238095238,
      "kfold_bias": 0.08190476190476191,
      "plain_acc": 0.8828571428571429,
      "kfold_acc": 0.8833333333333333
    }
  }
}