{
  "comps": {
    "Llama-2-7b-hf": {
      "plain_bias": -0.560952380952381,
      "kfold_bias": 0.11142857142857143,
      "plain_acc": 0.7057142857142857,
      "kfold_acc": 0.8333333333333334
    },
    "Llama-2-7b-chat-hf": {
      "plain_bias": -0.47333333333333333,
      "kfold_bias": -0.005714285714285714,
      "plain_acc": 0.7466666666666667,
      "kfold_acc": 0.8461904761904762
    },
    "Llama-2-13b-hf": {
      "plain_bias": -0.7057142857142857,
      "kfold_bias": 0.002857142857142857,
      "plain_acc": 0.6438095238095238,
      "kfold_acc": 0.819047619047619
    },
    "Llama-2-13b-chat-hf": {
      "plain_bias": -0.3142857142857143,
      "kfold_bias": -0.04285714285714286,
      "plain_acc": 0.8128571428571428,
      "kfold_acc": 0.8571428571428571
    }
  }
}