{
  "social_interactions": {
    "Qwen1.5-7B": {
      "plain_bias": 0.1774193548387097,
      "kfold_bias": -0.16129032258064516,
      "plain_acc": 0.8629032258064516,
      "kfold_acc": 0.8548387096774194
    },
    "Qwen1.5-7B-Chat": {
      "plain_bias": 0.03225806451612903,
      "kfold_bias": -0.0967741935483871,
      "plain_acc": 0.8870967741935484,
      "kfold_acc": 0.8709677419354839
    },
    "Qwen1.5-32B": {
      "plain_bias": -0.12903225806451613,
      "kfold_bias": -0.06451612903225806,
      "plain_acc": 0.9354838709677419,
      "kfold_acc": 0.967741935483871
    },
    "Qwen1.5-32B-Chat": {
      "plain_bias": -0.16129032258064516,
      "kfold_bias": -0.06451612903225806,
      "plain_acc": 0.9032258064516129,
      "kfold_acc": 0.9516129032258065
    }
  },
  "social_properties": {
    "Qwen1.5-7B": {
      "plain_bias": 0.25675675675675674,
      "kfold_bias": -0.05405405405405406,
      "plain_acc": 0.777027027027027,
      "kfold_acc": 0.8243243243243243
    },
    "Qwen1.5-7B-Chat": {
      "plain_bias": -0.02702702702702703,
      "kfold_bias": -0.06756756756756757,
      "plain_acc": 0.9324324324324325,
      "kfold_acc": 0.9121621621621622
    },
    "Qwen1.5-32B": {
      "plain_bias": -0.05405405405405406,
      "kfold_bias": -0.04054054054054054,
      "plain_acc": 0.918918918918919,
      "kfold_acc": 0.9256756756756757
    },
    "Qwen1.5-32B-Chat": {
      "plain_bias": -0.0945945945945946,
      "kfold_bias": -0.08108108108108109,
      "plain_acc": 0.9121621621621622,
      "kfold_acc": 0.918918918918919
    }
  },
  "material_dynamics": {
    "Qwen1.5-7B": {
      "plain_bias": 0.746268656716418,
      "kfold_bias": -0.030303030303030304,
      "plain_acc": 0.6268656716417911,
      "kfold_acc": 0.7611940298507462
    },
    "Qwen1.5-7B-Chat": {
      "plain_bias": 0.2835820895522388,
      "kfold_bias": -0.015151515151515152,
      "plain_acc": 0.7985074626865671,
      "kfold_acc": 0.7985074626865671
    },
    "Qwen1.5-32B": {
      "plain_bias": 0.08955223880597014,
      "kfold_bias": 0.21212121212121213,
      "plain_acc": 0.8059701492537313,
      "kfold_acc": 0.8059701492537313
    },
    "Qwen1.5-32B-Chat": {
      "plain_bias": 0.014925373134328358,
      "kfold_bias": 0.10606060606060606,
      "plain_acc": 0.7985074626865671,
      "kfold_acc": 0.8134328358208955
    }
  },
  "social_relations": {
    "Qwen1.5-7B": {
      "plain_bias": 0.4573170731707317,
      "kfold_bias": 0.012195121951219513,
      "plain_acc": 0.625,
      "kfold_acc": 0.6524390243902439
    },
    "Qwen1.5-7B-Chat": {
      "plain_bias": 0.35365853658536583,
      "kfold_bias": 0.006097560975609756,
      "plain_acc": 0.6524390243902439,
      "kfold_acc": 0.6554878048780488
    },
    "Qwen1.5-32B": {
      "plain_bias": -0.15853658536585366,
      "kfold_bias": -0.09146341463414634,
      "plain_acc": 0.75,
      "kfold_acc": 0.7652439024390244
    },
    "Qwen1.5-32B-Chat": {
      "plain_bias": -0.14634146341463414,
      "kfold_bias": -0.12804878048780488,
      "plain_acc": 0.7560975609756098,
      "kfold_acc": 0.7652439024390244
    }
  },
  "quantitative_properties": {
    "Qwen1.5-7B": {
      "plain_bias": 0.6956521739130435,
      "kfold_bias": -0.014705882352941176,
      "plain_acc": 0.6231884057971014,
      "kfold_acc": 0.6884057971014492
    },
    "Qwen1.5-7B-Chat": {
      "plain_bias": 0.2753623188405797,
      "kfold_bias": -0.04411764705882353,
      "plain_acc": 0.7753623188405797,
      "kfold_acc": 0.8188405797101449
    },
    "Qwen1.5-32B": {
      "plain_bias": 0.13043478260869565,
      "kfold_bias": 0.07352941176470588,
      "plain_acc": 0.8768115942028986,
      "kfold_acc": 0.8623188405797102
    },
    "Qwen1.5-32B-Chat": {
      "plain_bias": 0.043478260869565216,
      "kfold_bias": 0.014705882352941176,
      "plain_acc": 0.8913043478260869,
      "kfold_acc": 0.8913043478260869
    }
  },
  "physical_dynamics": {
    "Qwen1.5-7B": {
      "plain_bias": 0.1,
      "kfold_bias": -0.16666666666666666,
      "plain_acc": 0.7833333333333333,
      "kfold_acc": 0.6833333333333333
    },
    "Qwen1.5-7B-Chat": {
      "plain_bias": -0.26666666666666666,
      "kfold_bias": -0.06666666666666667,
      "plain_acc": 0.7333333333333333,
      "kfold_acc": 0.7666666666666667
    },
    "Qwen1.5-32B": {
      "plain_bias": -0.26666666666666666,
      "kfold_bias": -0.03333333333333333,
      "plain_acc": 0.7333333333333333,
      "kfold_acc": 0.75
    },
    "Qwen1.5-32B-Chat": {
      "plain_bias": -0.3,
      "kfold_bias": -0.13333333333333333,
      "plain_acc": 0.7833333333333333,
      "kfold_acc": 0.7333333333333333
    }
  },
  "agent_properties": {
    "Qwen1.5-7B": {
      "plain_bias": 0.7448979591836735,
      "kfold_bias": -0.04081632653061224,
      "plain_acc": 0.6003401360544217,
      "kfold_acc": 0.6802721088435374
    },
    "Qwen1.5-7B-Chat": {
      "plain_bias": 0.30612244897959184,
      "kfold_bias": -0.02040816326530612,
      "plain_acc": 0.7517006802721088,
      "kfold_acc": 0.7721088435374149
    },
    "Qwen1.5-32B": {
      "plain_bias": 0.06462585034013606,
      "kfold_bias": 0.006802721088435374,
      "plain_acc": 0.8078231292517006,
      "kfold_acc": 0.7959183673469388
    },
    "Qwen1.5-32B-Chat": {
      "plain_bias": 0.07482993197278912,
      "kfold_bias": 0.017006802721088437,
      "plain_acc": 0.8639455782312925,
      "kfold_acc": 0.8758503401360545
    }
  },
  "physical_interactions": {
    "Qwen1.5-7B": {
      "plain_bias": 0.5543478260869565,
      "kfold_bias": -0.043478260869565216,
      "plain_acc": 0.5597826086956522,
      "kfold_acc": 0.5108695652173914
    },
    "Qwen1.5-7B-Chat": {
      "plain_bias": -0.2608695652173913,
      "kfold_bias": -0.043478260869565216,
      "plain_acc": 0.6304347826086957,
      "kfold_acc": 0.6195652173913043
    },
    "Qwen1.5-32B": {
      "plain_bias": -0.29347826086956524,
      "kfold_bias": -0.08695652173913043,
      "plain_acc": 0.6032608695652174,
      "kfold_acc": 0.6195652173913043
    },
    "Qwen1.5-32B-Chat": {
      "plain_bias": -0.29347826086956524,
      "kfold_bias": -0.08695652173913043,
      "plain_acc": 0.625,
      "kfold_acc": 0.6304347826086957
    }
  },
  "material_properties": {
    "Qwen1.5-7B": {
      "plain_bias": 0.28,
      "kfold_bias": -0.16,
      "plain_acc": 0.72,
      "kfold_acc": 0.76
    },
    "Qwen1.5-7B-Chat": {
      "plain_bias": -0.04,
      "kfold_bias": -0.08,
      "plain_acc": 0.8,
      "kfold_acc": 0.78
    },
    "Qwen1.5-32B": {
      "plain_bias": -0.24,
      "kfold_bias": 0.04,
      "plain_acc": 0.82,
      "kfold_acc": 0.82
    },
    "Qwen1.5-32B-Chat": {
      "plain_bias": -0.32,
      "kfold_bias": -0.12,
      "plain_acc": 0.74,
      "kfold_acc": 0.74
    }
  },
  "physical_relations": {
    "Qwen1.5-7B": {
      "plain_bias": 0.3804347826086957,
      "kfold_bias": 0.20652173913043478,
      "plain_acc": 0.5706521739130435,
      "kfold_acc": 0.5489130434782609
    },
    "Qwen1.5-7B-Chat": {
      "plain_bias": -0.30434782608695654,
      "kfold_bias": 0.010869565217391304,
      "plain_acc": 0.5978260869565217,
      "kfold_acc": 0.6032608695652174
    },
    "Qwen1.5-32B": {
      "plain_bias": -0.05434782608695652,
      "kfold_bias": -0.03260869565217391,
      "plain_acc": 0.6141304347826086,
      "kfold_acc": 0.6141304347826086
    },
    "Qwen1.5-32B-Chat": {
      "plain_bias": -0.010869565217391304,
      "kfold_bias": 0.010869565217391304,
      "plain_acc": 0.6358695652173914,
      "kfold_acc": 0.6358695652173914
    }
  },
  "spatial_relations": {
    "Qwen1.5-7B": {
      "plain_bias": 0.9594594594594594,
      "kfold_bias": 0.06756756756756757,
      "plain_acc": 0.5067567567567568,
      "kfold_acc": 0.5202702702702703
    },
    "Qwen1.5-7B-Chat": {
      "plain_bias": 0.02702702702702703,
      "kfold_bias": -0.013513513513513514,
      "plain_acc": 0.5405405405405406,
      "kfold_acc": 0.5608108108108109
    },