{
  "social_interactions": {
    "Llama-2-7b-hf": {
      "plain_bias": 0.9193548387096774,
      "kfold_bias": 0.016129032258064516,
      "plain_acc": 0.5403225806451613,
      "kfold_acc": 0.8306451612903226
    },
    "Llama-2-7b-chat-hf": {
      "plain_bias": 0.22580645161290322,
      "kfold_bias": -0.0967741935483871,
      "plain_acc": 0.8387096774193549,
      "kfold_acc": 0.9032258064516129
    },
    "Llama-2-13b-hf": {
      "plain_bias": 0.3387096774193548,
      "kfold_bias": -0.11290322580645161,
      "plain_acc": 0.7661290322580645,
      "kfold_acc": 0.8306451612903226
    },
    "Llama-2-13b-chat-hf": {
      "plain_bias": -0.25806451612903225,
      "kfold_bias": -0.04838709677419355,
      "plain_acc": 0.8709677419354839,
      "kfold_acc": 0.9274193548387096
    }
  },
  "social_properties": {
    "Llama-2-7b-hf": {
      "plain_bias": 0.8918918918918919,
      "kfold_bias": -0.08108108108108109,
      "plain_acc": 0.5405405405405406,
      "kfold_acc": 0.7567567567567568
    },
    "Llama-2-7b-chat-hf": {
      "plain_bias": 0.25675675675675674,
      "kfold_bias": -0.06756756756756757,
      "plain_acc": 0.7905405405405406,
      "kfold_acc": 0.8175675675675675
    },
    "Llama-2-13b-hf": {
      "plain_bias": 0.7567567567567568,
      "kfold_bias": -0.10810810810810811,
      "plain_acc": 0.6081081081081081,
      "kfold_acc": 0.7972972972972973
    },
    "Llama-2-13b-chat-hf": {
      "plain_bias": -0.32432432432432434,
      "kfold_bias": -0.04054054054054054,
      "plain_acc": 0.7972972972972973,
      "kfold_acc": 0.8716216216216216
    }
  },
  "material_dynamics": {
    "Llama-2-7b-hf": {
      "plain_bias": 1.0,
      "kfold_bias": 0.13636363636363635,
      "plain_acc": 0.5,
      "kfold_acc": 0.6343283582089553
    },
    "Llama-2-7b-chat-hf": {
      "plain_bias": 0.373134328358209,
      "kfold_bias": -0.030303030303030304,
      "plain_acc": 0.6492537313432836,
      "kfold_acc": 0.6417910447761194
    },
    "Llama-2-13b-hf": {
      "plain_bias": 0.6417910447761194,
      "kfold_bias": 0.13636363636363635,
      "plain_acc": 0.6492537313432836,
      "kfold_acc": 0.753731343283582
    },
    "Llama-2-13b-chat-hf": {
      "plain_bias": -0.2537313432835821,
      "kfold_bias": 0.045454545454545456,
      "plain_acc": 0.6940298507462687,
      "kfold_acc": 0.6791044776119403
    }
  },
  "social_relations": {
    "Llama-2-7b-hf": {
      "plain_bias": 0.7560975609756098,
      "kfold_bias": 0.11585365853658537,
      "plain_acc": 0.5365853658536586,
      "kfold_acc": 0.5945121951219512
    },
    "Llama-2-7b-chat-hf": {
      "plain_bias": 0.3231707317073171,
      "kfold_bias": -0.042682926829268296,
      "plain_acc": 0.6189024390243902,
      "kfold_acc": 0.6554878048780488
    },
    "Llama-2-13b-hf": {
      "plain_bias": 0.32926829268292684,
      "kfold_bias": -0.06707317073170732,
      "plain_acc": 0.6280487804878049,
      "kfold_acc": 0.6676829268292683
    },
    "Llama-2-13b-chat-hf": {
      "plain_bias": -0.3597560975609756,
      "kfold_bias": 0.024390243902439025,
      "plain_acc": 0.6798780487804879,
      "kfold_acc": 0.6890243902439024
    }
  },
  "quantitative_properties": {
    "Llama-2-7b-hf": {
      "plain_bias": 0.8260869565217391,
      "kfold_bias": 0.029411764705882353,
      "plain_acc": 0.5434782608695652,
      "kfold_acc": 0.6231884057971014
    },
    "Llama-2-7b-chat-hf": {
      "plain_bias": 0.6666666666666666,
      "kfold_bias": -0.08823529411764706,
      "plain_acc": 0.6521739130434783,
      "kfold_acc": 0.7101449275362319
    },
    "Llama-2-13b-hf": {
      "plain_bias": 0.6521739130434783,
      "kfold_bias": 0.058823529411764705,
      "plain_acc": 0.6739130434782609,
      "kfold_acc": 0.7101449275362319
    },
    "Llama-2-13b-chat-hf": {
      "plain_bias": 0.0,
      "kfold_bias": 0.07352941176470588,
      "plain_acc": 0.7536231884057971,
      "kfold_acc": 0.7753623188405797
    }
  },
  "physical_dynamics": {
    "Llama-2-7b-hf": {
      "plain_bias": 1.0,
      "kfold_bias": -0.06666666666666667,
      "plain_acc": 0.5,
      "kfold_acc": 0.5666666666666667
    },
    "Llama-2-7b-chat-hf": {
      "plain_bias": 0.0,
      "kfold_bias": -0.1,
      "plain_acc": 0.6333333333333333,
      "kfold_acc": 0.5833333333333334
    },
    "Llama-2-13b-hf": {
      "plain_bias": 0.2,
      "kfold_bias": -0.1,
      "plain_acc": 0.7333333333333333,
      "kfold_acc": 0.7166666666666667
    },
    "Llama-2-13b-chat-hf": {
      "plain_bias": -0.4666666666666667,
      "kfold_bias": -0.1,
      "plain_acc": 0.7,
      "kfold_acc": 0.65
    }
  },
  "agent_properties": {
    "Llama-2-7b-hf": {
      "plain_bias": 0.8537414965986394,
      "kfold_bias": 0.03741496598639456,
      "plain_acc": 0.5153061224489796,
      "kfold_acc": 0.5493197278911565
    },
    "Llama-2-7b-chat-hf": {
      "plain_bias": 0.29931972789115646,
      "kfold_bias": -0.0782312925170068,
      "plain_acc": 0.6394557823129252,
      "kfold_acc": 0.6581632653061225
    },
    "Llama-2-13b-hf": {
      "plain_bias": 0.7619047619047619,
      "kfold_bias": -0.06802721088435375,
      "plain_acc": 0.5714285714285714,
      "kfold_acc": 0.6666666666666666
    },
    "Llama-2-13b-chat-hf": {
      "plain_bias": 0.006802721088435374,
      "kfold_bias": 0.08163265306122448,
      "plain_acc": 0.7653061224489796,
      "kfold_acc": 0.7585034013605442
    }
  },
  "physical_interactions": {
    "Llama-2-7b-hf": {
      "plain_bias": 0.9891304347826086,
      "kfold_bias": 0.010869565217391304,
      "plain_acc": 0.4945652173913043,
      "kfold_acc": 0.5489130434782609
    },
    "Llama-2-7b-chat-hf": {
      "plain_bias": 0.08695652173913043,
      "kfold_bias": -0.05434782608695652,
      "plain_acc": 0.5869565217391305,
      "kfold_acc": 0.5706521739130435
    },
    "Llama-2-13b-hf": {
      "plain_bias": 0.31521739130434784,
      "kfold_bias": 0.08695652173913043,
      "plain_acc": 0.5706521739130435,
      "kfold_acc": 0.6086956521739131
    },
    "Llama-2-13b-chat-hf": {
      "plain_bias": -0.5652173913043478,
      "kfold_bias": 0.0,
      "plain_acc": 0.6086956521739131,
      "kfold_acc": 0.6304347826086957
    }
  },
  "material_properties": {
    "Llama-2-7b-hf": {
      "plain_bias": 1.0,
      "kfold_bias": -0.02,
      "plain_acc": 0.5,
      "kfold_acc": 0.61
    },
    "Llama-2-7b-chat-hf": {
      "plain_bias": 0.26,
      "kfold_bias": -0.02,
      "plain_acc": 0.67,
      "kfold_acc": 0.69
    },
    "Llama-2-13b-hf": {
      "plain_bias": 0.62,
      "kfold_bias": -0.04,
      "plain_acc": 0.69,
      "kfold_acc": 0.7
    },
    "Llama-2-13b-chat-hf": {
      "plain_bias": -0.3,
      "kfold_bias": 0.04,
      "plain_acc": 0.69,
      "kfold_acc": 0.74
    }
  },
  "physical_relations": {
    "Llama-2-7b-hf": {
      "plain_bias": 1.0,
      "kfold_bias": 0.021739130434782608,
      "plain_acc": 0.5,
      "kfold_acc": 0.5543478260869565
    },
    "Llama-2-7b-chat-hf": {
      "plain_bias": 0.29347826086956524,
      "kfold_bias": 0.16304347826086957,
      "plain_acc": 0.4945652173913043,
      "kfold_acc": 0.4945652173913043
    },
    "Llama-2-13b-hf": {
      "plain_bias": 0.5652173913043478,
      "kfold_bias": 0.05434782608695652,
      "plain_acc": 0.5434782608695652,
      "kfold_acc": 0.5380434782608695
    },
    "Llama-2-13b-chat-hf": {
      "plain_bias": -0.4891304347826087,
      "kfold_bias": 0.11956521739130435,
      "plain_acc": 0.5815217391304348,
      "kfold_acc": 0.5815217391304348
    }
  },
  "spatial_relations": {
    "Llama-2-7b-hf": {
      "plain_bias": 1.0,
      "kfold_bias": -0.04054054054054054,
      "plain_acc": 0.5,
      "kfold_acc": 0.5202702702702703
    },
    "Llama-2-7b-chat-hf": {
      "plain_bias": 0.8378378378378378,
      "kfold_bias": -0.16216216216216217,
      "plain_acc": 0.5135135135135135,
      "kfold_acc": 0.4864864864864865
    },
    "Llama-2-13b-hf": {
      "plain_bias": 0.7972972972972973,