{
  "arith": {
    "Qwen1.5-7B": {
      "plain_bias": 0.38333333333333336,
      "kfold_bias": 0.18166666666666667,
      "plain_acc": 0.7933333333333333,
      "kfold_acc": 0.7825
    },
    "Qwen1.5-7B-Chat": {
      "plain_bias": 0.24166666666666667,
      "kfold_bias": 0.18166666666666667,
      "plain_acc": 0.8558333333333333,
      "kfold_acc": 0.8675
    },
    "Qwen1.5-32B": {
      "plain_bias": 0.10166666666666667,
      "kfold_bias": 0.08,
      "plain_acc": 0.9225,
      "kfold_acc": 0.92
    },
    "Qwen1.5-32B-Chat": {
      "plain_bias": 0.04666666666666667,
      "kfold_bias": 0.04666666666666667,
      "plain_acc": 0.94,
      "kfold_acc": 0.94
    }
  }
}