{
  "comps": {
    "Falcon3-10B-Base": {
      "plain_bias": 0.2838095238095238,
      "kfold_bias": -0.03238095238095238,
      "plain_acc": 0.8052380952380952,
      "kfold_acc": 0.8690476190476191
    },
    "Falcon3-10B-Instruct": {
      "plain_bias": 0.18285714285714286,
      "kfold_bias": 0.039047619047619046,
      "plain_acc": 0.8204761904761905,
      "kfold_acc": 0.8457142857142858
    },
    "Falcon3-3B-Base": {
      "plain_bias": 0.9019047619047619,
      "kfold_bias": -0.04476190476190476,
      "plain_acc": 0.5438095238095239,
      "kfold_acc": 0.8142857142857143
    },
    "Falcon3-3B-Instruct": {
      "plain_bias": 0.1180952380952381,
      "kfold_bias": 0.04666666666666667,
      "plain_acc": 0.8014285714285714,
      "kfold_acc": 0.8114285714285714
    }
  }
}