{
  "babi": {
    "Qwen1.5-7B": {
      "plain_bias": 0.21166666666666667,
      "kfold_bias": 0.17,
      "plain_acc": 0.8425,
      "kfold_acc": 0.8466666666666667
    },
    "Qwen1.5-7B-Chat": {
      "plain_bias": -0.028333333333333332,
      "kfold_bias": -0.085,
      "plain_acc": 0.8675,
      "kfold_acc": 0.8725
    },
    "Qwen1.5-32B": {
      "plain_bias": 0.051666666666666666,
      "kfold_bias": 0.008333333333333333,
      "plain_acc": 0.8908333333333334,
      "kfold_acc": 0.9008333333333334
    },
    "Qwen1.5-32B-Chat": {
      "plain_bias": 0.02666666666666667,
      "kfold_bias": -0.011666666666666667,
      "plain_acc": 0.8983333333333333,
      "kfold_acc": 0.9058333333333334
    }
  }
}