{
  "arith": {
    "mpt-7b": {
      "plain_bias": 0.9433333333333334,
      "kfold_bias": -0.08833333333333333,
      "plain_acc": 0.5183333333333333,
      "kfold_acc": 0.6008333333333333
    },
    "mpt-7b-chat": {
      "plain_bias": 0.5233333333333333,
      "kfold_bias": 0.14833333333333334,
      "plain_acc": 0.63,
      "kfold_acc": 0.6608333333333334
    },
    "mpt-30b": {
      "plain_bias": -0.03333333333333333,
      "kfold_bias": -0.015,
      "plain_acc": 0.6816666666666666,
      "kfold_acc": 0.6875
    },
    "mpt-30b-chat": {
      "plain_bias": -0.3233333333333333,
      "kfold_bias": 0.02666666666666667,
      "plain_acc": 0.675,
      "kfold_acc": 0.6983333333333334
    }
  }
}