{
  "arith": {
    "Falcon3-10B-Base": {
      "plain_bias": -0.12166666666666667,
      "kfold_bias": 0.03,
      "plain_acc": 0.8741666666666666,
      "kfold_acc": 0.8916666666666667
    },
    "Falcon3-10B-Instruct": {
      "plain_bias": -0.013333333333333334,
      "kfold_bias": 0.06166666666666667,
      "plain_acc": 0.895,
      "kfold_acc": 0.9041666666666667
    },
    "Falcon3-3B-Base": {
      "plain_bias": 0.36666666666666664,
      "kfold_bias": 0.12,
      "plain_acc": 0.815,
      "kfold_acc": 0.8516666666666667
    },
    "Falcon3-3B-Instruct": {
      "plain_bias": -0.06333333333333334,
      "kfold_bias": -0.015,
      "plain_acc": 0.8216666666666667,
      "kfold_acc": 0.8258333333333333
    }
  }
}