{
  "comps": {
    "Qwen1.5-7B": {
      "plain_bias": 0.37238095238095237,
      "kfold_bias": -0.006666666666666667,
      "plain_acc": 0.7504761904761905,
      "kfold_acc": 0.8295238095238096
    },
    "Qwen1.5-7B-Chat": {
      "plain_bias": 0.2895238095238095,
      "kfold_bias": 0.07142857142857142,
      "plain_acc": 0.7976190476190477,
      "kfold_acc": 0.8457142857142858
    },
    "Qwen1.5-32B": {
      "plain_bias": 0.030476190476190476,
      "kfold_bias": 0.0038095238095238095,
      "plain_acc": 0.8728571428571429,
      "kfold_acc": 0.8757142857142857
    },
    "Qwen1.5-32B-Chat": {
      "plain_bias": 0.07333333333333333,
      "kfold_bias": 0.040952380952380955,
      "plain_acc": 0.861904761904762,
      "kfold_acc": 0.8609523809523809
    }
  }
}