{
  "comps": {
    "Qwen1.5-7B": {
      "plain_bias": 0.2704761904761905,
      "kfold_bias": 0.007619047619047619,
      "plain_acc": 0.75,
      "kfold_acc": 0.7738095238095238
    },
    "Qwen1.5-7B-Chat": {
      "plain_bias": 0.11523809523809524,
      "kfold_bias": -0.018095238095238095,
      "plain_acc": 0.8019047619047619,
      "kfold_acc": 0.8076190476190476
    },
    "Qwen1.5-32B": {
      "plain_bias": 0.5819047619047619,
      "kfold_bias": 0.03428571428571429,
      "plain_acc": 0.6752380952380952,
      "kfold_acc": 0.7919047619047619
    },
    "Qwen1.5-32B-Chat": {
      "plain_bias": 0.24952380952380954,
      "kfold_bias": 0.04857142857142857,
      "plain_acc": 0.8052380952380952,
      "kfold_acc": 0.8371428571428572
    }
  }
}