{
  "comps": {
    "Falcon3-10B-Base": {
      "plain_bias": 0.31238095238095237,
      "kfold_bias": 0.03428571428571429,
      "plain_acc": 0.7480952380952381,
      "kfold_acc": 0.7738095238095238
    },
    "Falcon3-10B-Instruct": {
      "plain_bias": 0.32571428571428573,
      "kfold_bias": 0.006666666666666667,
      "plain_acc": 0.7461904761904762,
      "kfold_acc": 0.7790476190476191
    },
    "Falcon3-3B-Base": {
      "plain_bias": 0.6276190476190476,
      "kfold_bias": -0.006666666666666667,
      "plain_acc": 0.6323809523809524,
      "kfold_acc": 0.6761904761904762
    },
    "Falcon3-3B-Instruct": {
      "plain_bias": 0.13047619047619047,
      "kfold_bias": -0.005714285714285714,
      "plain_acc": 0.7038095238095238,
      "kfold_acc": 0.7014285714285714
    }
  }
}