{
  "social_interactions": {
    "Qwen1.5-7B": {
      "plain_bias": -0.16129032258064516,
      "kfold_bias": 0.08064516129032258,
      "plain_acc": 0.7258064516129032,
      "kfold_acc": 0.6854838709677419
    },
    "Qwen1.5-7B-Chat": {
      "plain_bias": -0.1774193548387097,
      "kfold_bias": -0.11290322580645161,
      "plain_acc": 0.8467741935483871,
      "kfold_acc": 0.8629032258064516
    },
    "Qwen1.5-32B": {
      "plain_bias": 0.5161290322580645,
      "kfold_bias": -0.1935483870967742,
      "plain_acc": 0.6935483870967742,
      "kfold_acc": 0.8064516129032258
    },
    "Qwen1.5-32B-Chat": {
      "plain_bias": -0.1935483870967742,
      "kfold_bias": -0.1935483870967742,
      "plain_acc": 0.8870967741935484,
      "kfold_acc": 0.8870967741935484
    }
  },
  "social_properties": {
    "Qwen1.5-7B": {
      "plain_bias": -0.47297297297297297,
      "kfold_bias": 0.013513513513513514,
      "plain_acc": 0.6418918918918919,
      "kfold_acc": 0.722972972972973
    },
    "Qwen1.5-7B-Chat": {
      "plain_bias": -0.32432432432432434,
      "kfold_bias": -0.13513513513513514,
      "plain_acc": 0.7567567567567568,
      "kfold_acc": 0.8243243243243243
    },
    "Qwen1.5-32B": {
      "plain_bias": 0.6081081081081081,
      "kfold_bias": -0.04054054054054054,
      "plain_acc": 0.6283783783783784,
      "kfold_acc": 0.777027027027027
    },
    "Qwen1.5-32B-Chat": {
      "plain_bias": -0.12162162162162163,
      "kfold_bias": -0.10810810810810811,
      "plain_acc": 0.8986486486486487,
      "kfold_acc": 0.9054054054054054
    }
  },
  "material_dynamics": {
    "Qwen1.5-7B": {
      "plain_bias": 0.7313432835820896,
      "kfold_bias": -0.06060606060606061,
      "plain_acc": 0.6044776119402985,
      "kfold_acc": 0.6865671641791045
    },
    "Qwen1.5-7B-Chat": {
      "plain_bias": 0.29850746268656714,
      "kfold_bias": 0.09090909090909091,
      "plain_acc": 0.8208955223880597,
      "kfold_acc": 0.7910447761194029
    },
    "Qwen1.5-32B": {
      "plain_bias": 0.7611940298507462,
      "kfold_bias": -0.030303030303030304,
      "plain_acc": 0.5895522388059702,
      "kfold_acc": 0.6716417910447762
    },
    "Qwen1.5-32B-Chat": {
      "plain_bias": 0.13432835820895522,
      "kfold_bias": -0.07575757575757576,
      "plain_acc": 0.664179104477612,
      "kfold_acc": 0.6492537313432836
    }
  },
  "social_relations": {
    "Qwen1.5-7B": {
      "plain_bias": -0.5609756097560976,
      "kfold_bias": 0.06707317073170732,
      "plain_acc": 0.5975609756097561,
      "kfold_acc": 0.600609756097561
    },
    "Qwen1.5-7B-Chat": {
      "plain_bias": -0.1951219512195122,
      "kfold_bias": -0.018292682926829267,
      "plain_acc": 0.6341463414634146,
      "kfold_acc": 0.649390243902439
    },
    "Qwen1.5-32B": {
      "plain_bias": 0.4817073170731707,
      "kfold_bias": 0.0,
      "plain_acc": 0.649390243902439,
      "kfold_acc": 0.6829268292682927
    },
    "Qwen1.5-32B-Chat": {
      "plain_bias": -0.14634146341463414,
      "kfold_bias": -0.11585365853658537,
      "plain_acc": 0.7317073170731707,
      "kfold_acc": 0.7286585365853658
    }
  },
  "quantitative_properties": {
    "Qwen1.5-7B": {
      "plain_bias": 0.0,
      "kfold_bias": 0.11764705882352941,
      "plain_acc": 0.6231884057971014,
      "kfold_acc": 0.6231884057971014
    },
    "Qwen1.5-7B-Chat": {
      "plain_bias": -0.08695652173913043,
      "kfold_bias": 0.058823529411764705,
      "plain_acc": 0.6666666666666666,
      "kfold_acc": 0.6521739130434783
    },
    "Qwen1.5-32B": {
      "plain_bias": 0.4492753623188406,
      "kfold_bias": 0.014705882352941176,
      "plain_acc": 0.6884057971014492,
      "kfold_acc": 0.6884057971014492
    },
    "Qwen1.5-32B-Chat": {
      "plain_bias": -0.043478260869565216,
      "kfold_bias": -0.10294117647058823,
      "plain_acc": 0.8623188405797102,
      "kfold_acc": 0.8188405797101449
    }
  },
  "physical_dynamics": {
    "Qwen1.5-7B": {
      "plain_bias": -0.4,
      "kfold_bias": 0.0,
      "plain_acc": 0.5666666666666667,
      "kfold_acc": 0.4666666666666667
    },
    "Qwen1.5-7B-Chat": {
      "plain_bias": -0.36666666666666664,
      "kfold_bias": -0.13333333333333333,
      "plain_acc": 0.5833333333333334,
      "kfold_acc": 0.6333333333333333
    },
    "Qwen1.5-32B": {
      "plain_bias": -0.16666666666666666,
      "kfold_bias": -0.03333333333333333,
      "plain_acc": 0.5166666666666667,
      "kfold_acc": 0.55
    },
    "Qwen1.5-32B-Chat": {
      "plain_bias": -0.23333333333333334,
      "kfold_bias": 0.06666666666666667,
      "plain_acc": 0.65,
      "kfold_acc": 0.6333333333333333
    }
  },
  "agent_properties": {
    "Qwen1.5-7B": {
      "plain_bias": -0.46598639455782315,
      "kfold_bias": 0.08503401360544217,
      "plain_acc": 0.576530612244898,
      "kfold_acc": 0.6139455782312925
    },
    "Qwen1.5-7B-Chat": {
      "plain_bias": -0.5816326530612245,
      "kfold_bias": -0.16666666666666666,
      "plain_acc": 0.6241496598639455,
      "kfold_acc": 0.6547619047619048
    },
    "Qwen1.5-32B": {
      "plain_bias": 0.41156462585034015,
      "kfold_bias": -0.09183673469387756,
      "plain_acc": 0.6309523809523809,
      "kfold_acc": 0.685374149659864
    },
    "Qwen1.5-32B-Chat": {
      "plain_bias": -0.3163265306122449,
      "kfold_bias": -0.16666666666666666,
      "plain_acc": 0.7602040816326531,
      "kfold_acc": 0.7806122448979592
    }
  },
  "physical_interactions": {
    "Qwen1.5-7B": {
      "plain_bias": -0.75,
      "kfold_bias": 0.021739130434782608,
      "plain_acc": 0.5054347826086957,
      "kfold_acc": 0.4891304347826087
    },
    "Qwen1.5-7B-Chat": {
      "plain_bias": -0.4782608695652174,
      "kfold_bias": 0.21739130434782608,
      "plain_acc": 0.5217391304347826,
      "kfold_acc": 0.5543478260869565
    },
    "Qwen1.5-32B": {
      "plain_bias": -0.03260869565217391,
      "kfold_bias": -0.03260869565217391,
      "plain_acc": 0.5706521739130435,
      "kfold_acc": 0.5380434782608695
    },
    "Qwen1.5-32B-Chat": {
      "plain_bias": -0.40217391304347827,
      "kfold_bias": -0.08695652173913043,
      "plain_acc": 0.5271739130434783,
      "kfold_acc": 0.5869565217391305
    }
  },
  "material_properties": {
    "Qwen1.5-7B": {
      "plain_bias": 0.08,
      "kfold_bias": -0.04,
      "plain_acc": 0.66,
      "kfold_acc": 0.62
    },
    "Qwen1.5-7B-Chat": {
      "plain_bias": -0.24,
      "kfold_bias": -0.14,
      "plain_acc": 0.68,
      "kfold_acc": 0.67
    },
    "Qwen1.5-32B": {
      "plain_bias": 0.64,
      "kfold_bias": -0.06,
      "plain_acc": 0.52,
      "kfold_acc": 0.61
    },
    "Qwen1.5-32B-Chat": {
      "plain_bias": -0.18,
      "kfold_bias": -0.16,
      "plain_acc": 0.73,
      "kfold_acc": 0.72
    }
  },
  "physical_relations": {
    "Qwen1.5-7B": {
      "plain_bias": -0.2826086956521739,
      "kfold_bias": 0.043478260869565216,
      "plain_acc": 0.5217391304347826,
      "kfold_acc": 0.5434782608695652
    },
    "Qwen1.5-7B-Chat": {
      "plain_bias": -0.358695652173913,
      "kfold_bias": 0.021739130434782608,
      "plain_acc": 0.5815217391304348,
      "kfold_acc": 0.5434782608695652
    },
    "Qwen1.5-32B": {
      "plain_bias": 0.18478260869565216,
      "kfold_bias": 0.0,
      "plain_acc": 0.5380434782608695,
      "kfold_acc": 0.5652173913043478
    },
    "Qwen1.5-32B-Chat": {
      "plain_bias": -0.13043478260869565,
      "kfold_bias": 0.021739130434782608,
      "plain_acc": 0.6195652173913043,
      "kfold_acc": 0.5978260869565217
    }
  },
  "spatial_relations": {
    "Qwen1.5-7B": {
      "plain_bias": 0.44594594594594594,
      "kfold_bias": 0.10810810810810811,
      "plain_acc": 0.5067567567567568,
      "kfold_acc": 0.4864864864864865
    },
    "Qwen1.5-7B-Chat": {
      "plain_bias": 0.1891891891891892,
      "kfold_bias": 0.1891891891891892,
      "plain_acc": 0.5675675675675675,
      "kfold_acc": 0.5540540540540541
    },