{
  "arith": {
    "Falcon3-10B-Base": {
      "plain_bias": 0.21666666666666667,
      "kfold_bias": 0.105,
      "plain_acc": 0.8433333333333334,
      "kfold_acc": 0.8525
    },
    "Falcon3-10B-Instruct": {
      "plain_bias": 0.30666666666666664,
      "kfold_bias": 0.11833333333333333,
      "plain_acc": 0.8266666666666667,
      "kfold_acc": 0.8691666666666666
    },
    "Falcon3-3B-Base": {
      "plain_bias": 0.14,
      "kfold_bias": 0.07833333333333334,
      "plain_acc": 0.82,
      "kfold_acc": 0.8141666666666667
    },
    "Falcon3-3B-Instruct": {
      "plain_bias": -0.075,
      "kfold_bias": 0.04833333333333333,
      "plain_acc": 0.7875,
      "kfold_acc": 0.8175
    }
  }
}