{
  "social_interactions": {
    "mpt-7b": {
      "plain_bias": -0.967741935483871,
      "kfold_bias": -0.04838709677419355,
      "plain_acc": 0.5161290322580645,
      "kfold_acc": 0.7338709677419355
    },
    "mpt-7b-chat": {
      "plain_bias": -0.8548387096774194,
      "kfold_bias": 0.0967741935483871,
      "plain_acc": 0.5725806451612904,
      "kfold_acc": 0.8064516129032258
    },
    "mpt-30b": {
      "plain_bias": -0.3870967741935484,
      "kfold_bias": 0.08064516129032258,
      "plain_acc": 0.8064516129032258,
      "kfold_acc": 0.8629032258064516
    },
    "mpt-30b-chat": {
      "plain_bias": -0.20967741935483872,
      "kfold_bias": 0.11290322580645161,
      "plain_acc": 0.8790322580645161,
      "kfold_acc": 0.8951612903225806
    }
  },
  "social_properties": {
    "mpt-7b": {
      "plain_bias": -0.9054054054054054,
      "kfold_bias": 0.06756756756756757,
      "plain_acc": 0.5472972972972973,
      "kfold_acc": 0.777027027027027
    },
    "mpt-7b-chat": {
      "plain_bias": -0.6621621621621622,
      "kfold_bias": -0.06756756756756757,
      "plain_acc": 0.668918918918919,
      "kfold_acc": 0.7635135135135135
    },
    "mpt-30b": {
      "plain_bias": -0.3108108108108108,
      "kfold_bias": 0.20270270270270271,
      "plain_acc": 0.7905405405405406,
      "kfold_acc": 0.8445945945945946
    },
    "mpt-30b-chat": {
      "plain_bias": -0.3108108108108108,
      "kfold_bias": -0.02702702702702703,
      "plain_acc": 0.8040540540540541,
      "kfold_acc": 0.8243243243243243
    }
  },
  "material_dynamics": {
    "mpt-7b": {
      "plain_bias": -1.0,
      "kfold_bias": 0.06060606060606061,
      "plain_acc": 0.5,
      "kfold_acc": 0.5522388059701493
    },
    "mpt-7b-chat": {
      "plain_bias": -0.2835820895522388,
      "kfold_bias": 0.030303030303030304,
      "plain_acc": 0.5447761194029851,
      "kfold_acc": 0.5671641791044776
    },
    "mpt-30b": {
      "plain_bias": -0.29850746268656714,
      "kfold_bias": -0.06060606060606061,
      "plain_acc": 0.7611940298507462,
      "kfold_acc": 0.7014925373134329
    },
    "mpt-30b-chat": {
      "plain_bias": -0.23880597014925373,
      "kfold_bias": 0.06060606060606061,
      "plain_acc": 0.7910447761194029,
      "kfold_acc": 0.7761194029850746
    }
  },
  "social_relations": {
    "mpt-7b": {
      "plain_bias": -0.8048780487804879,
      "kfold_bias": -0.08536585365853659,
      "plain_acc": 0.5670731707317073,
      "kfold_acc": 0.573170731707317
    },
    "mpt-7b-chat": {
      "plain_bias": -0.34146341463414637,
      "kfold_bias": -0.006097560975609756,
      "plain_acc": 0.5609756097560976,
      "kfold_acc": 0.5457317073170732
    },
    "mpt-30b": {
      "plain_bias": -0.38414634146341464,
      "kfold_bias": 0.21951219512195122,
      "plain_acc": 0.625,
      "kfold_acc": 0.6524390243902439
    },
    "mpt-30b-chat": {
      "plain_bias": -0.024390243902439025,
      "kfold_bias": 0.10365853658536585,
      "plain_acc": 0.676829268292683,
      "kfold_acc": 0.6798780487804879
    }
  },
  "quantitative_properties": {
    "mpt-7b": {
      "plain_bias": -0.782608695652174,
      "kfold_bias": 0.08823529411764706,
      "plain_acc": 0.6086956521739131,
      "kfold_acc": 0.6376811594202898
    },
    "mpt-7b-chat": {
      "plain_bias": -0.028985507246376812,
      "kfold_bias": 0.10294117647058823,
      "plain_acc": 0.5797101449275363,
      "kfold_acc": 0.6014492753623188
    },
    "mpt-30b": {
      "plain_bias": 0.10144927536231885,
      "kfold_bias": -0.22058823529411764,
      "plain_acc": 0.7318840579710145,
      "kfold_acc": 0.7028985507246377
    },
    "mpt-30b-chat": {
      "plain_bias": 0.07246376811594203,
      "kfold_bias": 0.16176470588235295,
      "plain_acc": 0.7608695652173914,
      "kfold_acc": 0.7753623188405797
    }
  },
  "physical_dynamics": {
    "mpt-7b": {
      "plain_bias": -0.8333333333333334,
      "kfold_bias": 0.1,
      "plain_acc": 0.55,
      "kfold_acc": 0.65
    },
    "mpt-7b-chat": {
      "plain_bias": -0.7333333333333333,
      "kfold_bias": 0.06666666666666667,
      "plain_acc": 0.5666666666666667,
      "kfold_acc": 0.6333333333333333
    },
    "mpt-30b": {
      "plain_bias": -0.4666666666666667,
      "kfold_bias": -0.03333333333333333,
      "plain_acc": 0.6333333333333333,
      "kfold_acc": 0.65
    },
    "mpt-30b-chat": {
      "plain_bias": -0.3333333333333333,
      "kfold_bias": -0.06666666666666667,
      "plain_acc": 0.6,
      "kfold_acc": 0.6
    }
  },
  "agent_properties": {
    "mpt-7b": {
      "plain_bias": -0.9489795918367347,
      "kfold_bias": 0.11904761904761904,
      "plain_acc": 0.5187074829931972,
      "kfold_acc": 0.6275510204081632
    },
    "mpt-7b-chat": {
      "plain_bias": -0.5034013605442177,
      "kfold_bias": 0.0782312925170068,
      "plain_acc": 0.5952380952380952,
      "kfold_acc": 0.6173469387755102
    },
    "mpt-30b": {
      "plain_bias": 0.1292517006802721,
      "kfold_bias": -0.2755102040816326,
      "plain_acc": 0.7006802721088435,
      "kfold_acc": 0.6785714285714286
    },
    "mpt-30b-chat": {
      "plain_bias": 0.2857142857142857,
      "kfold_bias": 0.2585034013605442,
      "plain_acc": 0.7619047619047619,
      "kfold_acc": 0.7687074829931972
    }
  },
  "physical_interactions": {
    "mpt-7b": {
      "plain_bias": -1.0,
      "kfold_bias": -0.08695652173913043,
      "plain_acc": 0.5,
      "kfold_acc": 0.5760869565217391
    },
    "mpt-7b-chat": {
      "plain_bias": -0.9456521739130435,
      "kfold_bias": 0.0,
      "plain_acc": 0.5163043478260869,
      "kfold_acc": 0.5869565217391305
    },
    "mpt-30b": {
      "plain_bias": -0.8369565217391305,
      "kfold_bias": -0.10869565217391304,
      "plain_acc": 0.5163043478260869,
      "kfold_acc": 0.5217391304347826
    },
    "mpt-30b-chat": {
      "plain_bias": -0.6195652173913043,
      "kfold_bias": 0.10869565217391304,
      "plain_acc": 0.5489130434782609,
      "kfold_acc": 0.5543478260869565
    }
  },
  "material_properties": {
    "mpt-7b": {
      "plain_bias": -0.98,
      "kfold_bias": 0.18,
      "plain_acc": 0.51,
      "kfold_acc": 0.67
    },
    "mpt-7b-chat": {
      "plain_bias": -0.44,
      "kfold_bias": 0.06,
      "plain_acc": 0.58,
      "kfold_acc": 0.69
    },
    "mpt-30b": {
      "plain_bias": -0.46,
      "kfold_bias": 0.14,
      "plain_acc": 0.67,
      "kfold_acc": 0.73
    },
    "mpt-30b-chat": {
      "plain_bias": -0.1,
      "kfold_bias": 0.18,
      "plain_acc": 0.71,
      "kfold_acc": 0.71
    }
  },
  "physical_relations": {
    "mpt-7b": {
      "plain_bias": -0.967391304347826,
      "kfold_bias": 0.08695652173913043,
      "plain_acc": 0.4945652173913043,
      "kfold_acc": 0.5652173913043478
    },
    "mpt-7b-chat": {
      "plain_bias": -0.8152173913043478,
      "kfold_bias": 0.13043478260869565,
      "plain_acc": 0.5054347826086957,
      "kfold_acc": 0.532608695652174
    },
    "mpt-30b": {
      "plain_bias": -0.6195652173913043,
      "kfold_bias": -0.08695652173913043,
      "plain_acc": 0.5489130434782609,
      "kfold_acc": 0.5108695652173914
    },
    "mpt-30b-chat": {
      "plain_bias": -0.41304347826086957,
      "kfold_bias": 0.20652173913043478,
      "plain_acc": 0.5760869565217391,
      "kfold_acc": 0.5380434782608695
    }
  },
  "spatial_relations": {
    "mpt-7b": {
      "plain_bias": -1.0,
      "kfold_bias": 0.21621621621621623,
      "plain_acc": 0.5,
      "kfold_acc": 0.47297297297297297
    },
    "mpt-7b-chat": {
      "plain_bias": 0.013513513513513514,
      "kfold_bias": 0.06756756756756757,
      "plain_acc": 0.49324324324324326,
      "kfold_acc": 0.5202702702702703
    },
    "mpt-30b": {
      "plain_bias": -0.33783783783783783,
      "kfold_bias": 0.24324324324324326,
      "plain_acc": 0.5743243243243243,
      "kfold_acc": 0.5540540540540541
    },
    "mpt-30b-chat": {
      "plain_bias": -0.47297297297297297,
      "kfold_bias": 0.17567567567567569,