{
  "arith": {
    "Llama-2-7b-hf": {
      "plain_bias": -0.9616666666666667,
      "kfold_bias": 0.30333333333333334,
      "plain_acc": 0.5158333333333334,
      "kfold_acc": 0.655
    },
    "Llama-2-7b-chat-hf": {
      "plain_bias": -0.4483333333333333,
      "kfold_bias": -0.05333333333333334,
      "plain_acc": 0.6141666666666666,
      "kfold_acc": 0.6566666666666666
    },
    "Llama-2-13b-hf": {
      "plain_bias": -0.82,
      "kfold_bias": 0.15166666666666667,
      "plain_acc": 0.575,
      "kfold_acc": 0.8025
    },
    "Llama-2-13b-chat-hf": {
      "plain_bias": -0.09333333333333334,
      "kfold_bias": 0.14333333333333334,
      "plain_acc": 0.745,
      "kfold_acc": 0.7533333333333333
    }
  }
}