{
  "arith": {
    "Qwen1.5-7B": {
      "plain_bias": -0.36,
      "kfold_bias": 0.2683333333333333,
      "plain_acc": 0.6883333333333334,
      "kfold_acc": 0.8441666666666666
    },
    "Qwen1.5-7B-Chat": {
      "plain_bias": 0.11333333333333333,
      "kfold_bias": 0.14333333333333334,
      "plain_acc": 0.83,
      "kfold_acc": 0.83
    },
    "Qwen1.5-32B": {
      "plain_bias": -0.025,
      "kfold_bias": 0.085,
      "plain_acc": 0.9341666666666667,
      "kfold_acc": 0.9441666666666667
    },
    "Qwen1.5-32B-Chat": {
      "plain_bias": -0.09833333333333333,
      "kfold_bias": 0.028333333333333332,
      "plain_acc": 0.9125,
      "kfold_acc": 0.9308333333333333
    }
  }
}