{
  "babi": {
    "Falcon3-10B-Base": {
      "plain_bias": -0.21666666666666667,
      "kfold_bias": -0.03166666666666667,
      "plain_acc": 0.8816666666666667,
      "kfold_acc": 0.9141666666666667
    },
    "Falcon3-10B-Instruct": {
      "plain_bias": -0.043333333333333335,
      "kfold_bias": 0.01,
      "plain_acc": 0.9233333333333333,
      "kfold_acc": 0.9183333333333333
    },
    "Falcon3-3B-Base": {
      "plain_bias": -0.14833333333333334,
      "kfold_bias": -0.09,
      "plain_acc": 0.8658333333333333,
      "kfold_acc": 0.8783333333333333
    },
    "Falcon3-3B-Instruct": {
      "plain_bias": -0.125,
      "kfold_bias": -0.055,
      "plain_acc": 0.8408333333333333,
      "kfold_acc": 0.8408333333333333
    }
  }
}