{
  "social_interactions": {
    "Falcon3-10B-Base": {
      "plain_bias": -0.11290322580645161,
      "kfold_bias": -0.03225806451612903,
      "plain_acc": 0.8951612903225806,
      "kfold_acc": 0.9193548387096774
    },
    "Falcon3-10B-Instruct": {
      "plain_bias": -0.12903225806451613,
      "kfold_bias": 0.0,
      "plain_acc": 0.9193548387096774,
      "kfold_acc": 0.9193548387096774
    },
    "Falcon3-3B-Base": {
      "plain_bias": 0.016129032258064516,
      "kfold_bias": -0.016129032258064516,
      "plain_acc": 0.8790322580645161,
      "kfold_acc": 0.8790322580645161
    },
    "Falcon3-3B-Instruct": {
      "plain_bias": -0.11290322580645161,
      "kfold_bias": -0.04838709677419355,
      "plain_acc": 0.8629032258064516,
      "kfold_acc": 0.8790322580645161
    }
  },
  "social_properties": {
    "Falcon3-10B-Base": {
      "plain_bias": -0.12162162162162163,
      "kfold_bias": -0.02702702702702703,
      "plain_acc": 0.8986486486486487,
      "kfold_acc": 0.9324324324324325
    },
    "Falcon3-10B-Instruct": {
      "plain_bias": -0.0945945945945946,
      "kfold_bias": -0.06756756756756757,
      "plain_acc": 0.8986486486486487,
      "kfold_acc": 0.9121621621621622
    },
    "Falcon3-3B-Base": {
      "plain_bias": -0.013513513513513514,
      "kfold_bias": 0.0945945945945946,
      "plain_acc": 0.8716216216216216,
      "kfold_acc": 0.8445945945945946
    },
    "Falcon3-3B-Instruct": {
      "plain_bias": -0.08108108108108109,
      "kfold_bias": -0.02702702702702703,
      "plain_acc": 0.8918918918918919,
      "kfold_acc": 0.8918918918918919
    }
  },
  "material_dynamics": {
    "Falcon3-10B-Base": {
      "plain_bias": -0.2835820895522388,
      "kfold_bias": 0.09090909090909091,
      "plain_acc": 0.7835820895522388,
      "kfold_acc": 0.7761194029850746
    },
    "Falcon3-10B-Instruct": {
      "plain_bias": 0.029850746268656716,
      "kfold_bias": 0.07575757575757576,
      "plain_acc": 0.8507462686567164,
      "kfold_acc": 0.8283582089552238
    },
    "Falcon3-3B-Base": {
      "plain_bias": 0.6268656716417911,
      "kfold_bias": -0.030303030303030304,
      "plain_acc": 0.6268656716417911,
      "kfold_acc": 0.7164179104477612
    },
    "Falcon3-3B-Instruct": {
      "plain_bias": -0.3880597014925373,
      "kfold_bias": 0.10606060606060606,
      "plain_acc": 0.6567164179104478,
      "kfold_acc": 0.7238805970149254
    }
  },
  "social_relations": {
    "Falcon3-10B-Base": {
      "plain_bias": -0.1951219512195122,
      "kfold_bias": -0.012195121951219513,
      "plain_acc": 0.7073170731707317,
      "kfold_acc": 0.7134146341463414
    },
    "Falcon3-10B-Instruct": {
      "plain_bias": 0.012195121951219513,
      "kfold_bias": 0.054878048780487805,
      "plain_acc": 0.725609756097561,
      "kfold_acc": 0.7286585365853658
    },
    "Falcon3-3B-Base": {
      "plain_bias": 0.5182926829268293,
      "kfold_bias": 0.08536585365853659,
      "plain_acc": 0.625,
      "kfold_acc": 0.6341463414634146
    },
    "Falcon3-3B-Instruct": {
      "plain_bias": -0.006097560975609756,
      "kfold_bias": 0.012195121951219513,
      "plain_acc": 0.6615853658536586,
      "kfold_acc": 0.6707317073170732
    }
  },
  "quantitative_properties": {
    "Falcon3-10B-Base": {
      "plain_bias": -0.057971014492753624,
      "kfold_bias": 0.029411764705882353,
      "plain_acc": 0.8840579710144928,
      "kfold_acc": 0.8985507246376812
    },
    "Falcon3-10B-Instruct": {
      "plain_bias": 0.08695652173913043,
      "kfold_bias": 0.07352941176470588,
      "plain_acc": 0.9130434782608695,
      "kfold_acc": 0.9057971014492754
    },
    "Falcon3-3B-Base": {
      "plain_bias": -0.057971014492753624,
      "kfold_bias": -0.014705882352941176,
      "plain_acc": 0.8260869565217391,
      "kfold_acc": 0.8043478260869565
    },
    "Falcon3-3B-Instruct": {
      "plain_bias": 0.15942028985507245,
      "kfold_bias": 0.1323529411764706,
      "plain_acc": 0.7318840579710145,
      "kfold_acc": 0.717391304347826
    }
  },
  "physical_dynamics": {
    "Falcon3-10B-Base": {
      "plain_bias": -0.16666666666666666,
      "kfold_bias": 0.0,
      "plain_acc": 0.8166666666666667,
      "kfold_acc": 0.8
    },
    "Falcon3-10B-Instruct": {
      "plain_bias": 0.03333333333333333,
      "kfold_bias": 0.06666666666666667,
      "plain_acc": 0.85,
      "kfold_acc": 0.8333333333333334
    },
    "Falcon3-3B-Base": {
      "plain_bias": -0.16666666666666666,
      "kfold_bias": 0.06666666666666667,
      "plain_acc": 0.75,
      "kfold_acc": 0.7333333333333333
    },
    "Falcon3-3B-Instruct": {
      "plain_bias": -0.03333333333333333,
      "kfold_bias": 0.06666666666666667,
      "plain_acc": 0.7833333333333333,
      "kfold_acc": 0.8
    }
  },
  "agent_properties": {
    "Falcon3-10B-Base": {
      "plain_bias": -0.1360544217687075,
      "kfold_bias": 0.1360544217687075,
      "plain_acc": 0.8435374149659864,
      "kfold_acc": 0.8299319727891157
    },
    "Falcon3-10B-Instruct": {
      "plain_bias": -0.003401360544217687,
      "kfold_bias": 0.05102040816326531,
      "plain_acc": 0.8350340136054422,
      "kfold_acc": 0.8316326530612245
    },
    "Falcon3-3B-Base": {
      "plain_bias": 0.36394557823129253,
      "kfold_bias": -0.003401360544217687,
      "plain_acc": 0.6717687074829932,
      "kfold_acc": 0.6785714285714286
    },
    "Falcon3-3B-Instruct": {
      "plain_bias": 0.023809523809523808,
      "kfold_bias": 0.05442176870748299,
      "plain_acc": 0.6887755102040817,
      "kfold_acc": 0.6870748299319728
    }
  },
  "physical_interactions": {
    "Falcon3-10B-Base": {
      "plain_bias": -0.6847826086956522,
      "kfold_bias": -0.03260869565217391,
      "plain_acc": 0.5815217391304348,
      "kfold_acc": 0.657608695652174
    },
    "Falcon3-10B-Instruct": {
      "plain_bias": -0.3804347826086957,
      "kfold_bias": -0.043478260869565216,
      "plain_acc": 0.6358695652173914,
      "kfold_acc": 0.6630434782608695
    },
    "Falcon3-3B-Base": {
      "plain_bias": -0.15217391304347827,
      "kfold_bias": -0.03260869565217391,
      "plain_acc": 0.5869565217391305,
      "kfold_acc": 0.625
    },
    "Falcon3-3B-Instruct": {
      "plain_bias": -0.34782608695652173,
      "kfold_bias": 0.0,
      "plain_acc": 0.6086956521739131,
      "kfold_acc": 0.6086956521739131
    }
  },
  "material_properties": {
    "Falcon3-10B-Base": {
      "plain_bias": -0.08,
      "kfold_bias": 0.12,
      "plain_acc": 0.88,
      "kfold_acc": 0.86
    },
    "Falcon3-10B-Instruct": {
      "plain_bias": 0.04,
      "kfold_bias": 0.06,
      "plain_acc": 0.88,
      "kfold_acc": 0.89
    },
    "Falcon3-3B-Base": {
      "plain_bias": -0.08,
      "kfold_bias": 0.12,
      "plain_acc": 0.8,
      "kfold_acc": 0.76
    },
    "Falcon3-3B-Instruct": {
      "plain_bias": -0.04,
      "kfold_bias": 0.06,
      "plain_acc": 0.84,
      "kfold_acc": 0.81
    }
  },
  "physical_relations": {
    "Falcon3-10B-Base": {
      "plain_bias": -0.31521739130434784,
      "kfold_bias": 0.03260869565217391,
      "plain_acc": 0.625,
      "kfold_acc": 0.6032608695652174
    },
    "Falcon3-10B-Instruct": {
      "plain_bias": -0.043478260869565216,
      "kfold_bias": 0.010869565217391304,
      "plain_acc": 0.6413043478260869,
      "kfold_acc": 0.6358695652173914
    },
    "Falcon3-3B-Base": {
      "plain_bias": 0.05434782608695652,
      "kfold_bias": 0.06521739130434782,
      "plain_acc": 0.5380434782608695,
      "kfold_acc": 0.5434782608695652
    },
    "Falcon3-3B-Instruct": {
      "plain_bias": -0.08695652173913043,
      "kfold_bias": -0.043478260869565216,
      "plain_acc": 0.6086956521739131,
      "kfold_acc": 0.5978260869565217
    }
  },
  "spatial_relations": {
    "Falcon3-10B-Base": {
      "plain_bias": -0.47297297297297297,
      "kfold_bias": 0.10810810810810811,
      "plain_acc": 0.722972972972973,
      "kfold_acc": 0.6891891891891891
    },
    "Falcon3-10B-Instruct": {
      "plain_bias": 0.0,