{
  "comps": {
    "mpt-7b": {
      "plain_bias": 0.7352380952380952,
      "kfold_bias": -0.19333333333333333,
      "plain_acc": 0.6033333333333334,
      "kfold_acc": 0.7352380952380952
    },
    "mpt-7b-chat": {
      "plain_bias": 0.54,
      "kfold_bias": -0.06190476190476191,
      "plain_acc": 0.6780952380952381,
      "kfold_acc": 0.7942857142857143
    },
    "mpt-30b": {
      "plain_bias": -0.05142857142857143,
      "kfold_bias": -0.014285714285714285,
      "plain_acc": 0.8166666666666667,
      "kfold_acc": 0.819047619047619
    },
    "mpt-30b-chat": {
      "plain_bias": -0.11333333333333333,
      "kfold_bias": 0.02857142857142857,
      "plain_acc": 0.8380952380952381,
      "kfold_acc": 0.8385714285714285
    }
  }
}