{
  "social_interactions": {
    "Falcon3-10B-Base": {
      "plain_bias": -0.12903225806451613,
      "kfold_bias": -0.12903225806451613,
      "plain_acc": 0.8870967741935484,
      "kfold_acc": 0.8870967741935484
    },
    "Falcon3-10B-Instruct": {
      "plain_bias": -0.16129032258064516,
      "kfold_bias": -0.03225806451612903,
      "plain_acc": 0.8548387096774194,
      "kfold_acc": 0.8709677419354839
    },
    "Falcon3-3B-Base": {
      "plain_bias": 0.6935483870967742,
      "kfold_bias": -0.16129032258064516,
      "plain_acc": 0.6370967741935484,
      "kfold_acc": 0.7741935483870968
    },
    "Falcon3-3B-Instruct": {
      "plain_bias": -0.3709677419354839,
      "kfold_bias": -0.1935483870967742,
      "plain_acc": 0.8145161290322581,
      "kfold_acc": 0.8387096774193549
    }
  },
  "social_properties": {
    "Falcon3-10B-Base": {
      "plain_bias": -0.05405405405405406,
      "kfold_bias": -0.06756756756756757,
      "plain_acc": 0.8648648648648649,
      "kfold_acc": 0.8581081081081081
    },
    "Falcon3-10B-Instruct": {
      "plain_bias": -0.14864864864864866,
      "kfold_bias": 0.0,
      "plain_acc": 0.777027027027027,
      "kfold_acc": 0.7702702702702703
    },
    "Falcon3-3B-Base": {
      "plain_bias": 0.581081081081081,
      "kfold_bias": -0.02702702702702703,
      "plain_acc": 0.668918918918919,
      "kfold_acc": 0.7972972972972973
    },
    "Falcon3-3B-Instruct": {
      "plain_bias": -0.10810810810810811,
      "kfold_bias": -0.02702702702702703,
      "plain_acc": 0.8918918918918919,
      "kfold_acc": 0.9054054054054054
    }
  },
  "material_dynamics": {
    "Falcon3-10B-Base": {
      "plain_bias": -0.1791044776119403,
      "kfold_bias": -0.10606060606060606,
      "plain_acc": 0.7611940298507462,
      "kfold_acc": 0.7238805970149254
    },
    "Falcon3-10B-Instruct": {
      "plain_bias": -0.08955223880597014,
      "kfold_bias": -0.030303030303030304,
      "plain_acc": 0.7761194029850746,
      "kfold_acc": 0.7761194029850746
    },
    "Falcon3-3B-Base": {
      "plain_bias": 0.8955223880597015,
      "kfold_bias": 0.12121212121212122,
      "plain_acc": 0.5373134328358209,
      "kfold_acc": 0.6567164179104478
    },
    "Falcon3-3B-Instruct": {
      "plain_bias": -0.5223880597014925,
      "kfold_bias": 0.16666666666666666,
      "plain_acc": 0.6492537313432836,
      "kfold_acc": 0.6791044776119403
    }
  },
  "social_relations": {
    "Falcon3-10B-Base": {
      "plain_bias": -0.036585365853658534,
      "kfold_bias": -0.10975609756097561,
      "plain_acc": 0.6524390243902439,
      "kfold_acc": 0.6524390243902439
    },
    "Falcon3-10B-Instruct": {
      "plain_bias": 0.18292682926829268,
      "kfold_bias": 0.07317073170731707,
      "plain_acc": 0.6951219512195121,
      "kfold_acc": 0.676829268292683
    },
    "Falcon3-3B-Base": {
      "plain_bias": 0.9207317073170732,
      "kfold_bias": 0.07926829268292683,
      "plain_acc": 0.5396341463414634,
      "kfold_acc": 0.5884146341463414
    },
    "Falcon3-3B-Instruct": {
      "plain_bias": -0.10365853658536585,
      "kfold_bias": 0.0,
      "plain_acc": 0.6371951219512195,
      "kfold_acc": 0.6280487804878049
    }
  },
  "quantitative_properties": {
    "Falcon3-10B-Base": {
      "plain_bias": -0.057971014492753624,
      "kfold_bias": -0.08823529411764706,
      "plain_acc": 0.8840579710144928,
      "kfold_acc": 0.8695652173913043
    },
    "Falcon3-10B-Instruct": {
      "plain_bias": 0.2318840579710145,
      "kfold_bias": 0.10294117647058823,
      "plain_acc": 0.855072463768116,
      "kfold_acc": 0.8913043478260869
    },
    "Falcon3-3B-Base": {
      "plain_bias": 0.7391304347826086,
      "kfold_bias": -0.1323529411764706,
      "plain_acc": 0.6304347826086957,
      "kfold_acc": 0.7318840579710145
    },
    "Falcon3-3B-Instruct": {
      "plain_bias": -0.15942028985507245,
      "kfold_bias": -0.08823529411764706,
      "plain_acc": 0.7753623188405797,
      "kfold_acc": 0.7681159420289855
    }
  },
  "physical_dynamics": {
    "Falcon3-10B-Base": {
      "plain_bias": -0.03333333333333333,
      "kfold_bias": -0.03333333333333333,
      "plain_acc": 0.7833333333333333,
      "kfold_acc": 0.7833333333333333
    },
    "Falcon3-10B-Instruct": {
      "plain_bias": 0.06666666666666667,
      "kfold_bias": 0.06666666666666667,
      "plain_acc": 0.7666666666666667,
      "kfold_acc": 0.7666666666666667
    },
    "Falcon3-3B-Base": {
      "plain_bias": 0.6333333333333333,
      "kfold_bias": -0.1,
      "plain_acc": 0.65,
      "kfold_acc": 0.75
    },
    "Falcon3-3B-Instruct": {
      "plain_bias": -0.13333333333333333,
      "kfold_bias": 0.0,
      "plain_acc": 0.8,
      "kfold_acc": 0.8333333333333334
    }
  },
  "agent_properties": {
    "Falcon3-10B-Base": {
      "plain_bias": -0.05102040816326531,
      "kfold_bias": -0.15306122448979592,
      "plain_acc": 0.79421768707483,
      "kfold_acc": 0.7840136054421769
    },
    "Falcon3-10B-Instruct": {
      "plain_bias": 0.14625850340136054,
      "kfold_bias": 0.04081632653061224,
      "plain_acc": 0.8078231292517006,
      "kfold_acc": 0.8095238095238095
    },
    "Falcon3-3B-Base": {
      "plain_bias": 0.95578231292517,
      "kfold_bias": -0.14625850340136054,
      "plain_acc": 0.5221088435374149,
      "kfold_acc": 0.5697278911564626
    },
    "Falcon3-3B-Instruct": {
      "plain_bias": -0.1326530612244898,
      "kfold_bias": -0.14625850340136054,
      "plain_acc": 0.6819727891156463,
      "kfold_acc": 0.6785714285714286
    }
  },
  "physical_interactions": {
    "Falcon3-10B-Base": {
      "plain_bias": -0.05434782608695652,
      "kfold_bias": -0.07608695652173914,
      "plain_acc": 0.6467391304347826,
      "kfold_acc": 0.625
    },
    "Falcon3-10B-Instruct": {
      "plain_bias": -0.29347826086956524,
      "kfold_bias": -0.11956521739130435,
      "plain_acc": 0.592391304347826,
      "kfold_acc": 0.5815217391304348
    },
    "Falcon3-3B-Base": {
      "plain_bias": 0.8804347826086957,
      "kfold_bias": 0.021739130434782608,
      "plain_acc": 0.5054347826086957,
      "kfold_acc": 0.5978260869565217
    },
    "Falcon3-3B-Instruct": {
      "plain_bias": -0.6195652173913043,
      "kfold_bias": -0.13043478260869565,
      "plain_acc": 0.5815217391304348,
      "kfold_acc": 0.6630434782608695
    }
  },
  "material_properties": {
    "Falcon3-10B-Base": {
      "plain_bias": 0.16,
      "kfold_bias": -0.08,
      "plain_acc": 0.8,
      "kfold_acc": 0.82
    },
    "Falcon3-10B-Instruct": {
      "plain_bias": 0.28,
      "kfold_bias": 0.2,
      "plain_acc": 0.74,
      "kfold_acc": 0.72
    },
    "Falcon3-3B-Base": {
      "plain_bias": 0.76,
      "kfold_bias": -0.02,
      "plain_acc": 0.62,
      "kfold_acc": 0.75
    },
    "Falcon3-3B-Instruct": {
      "plain_bias": -0.1,
      "kfold_bias": -0.04,
      "plain_acc": 0.79,
      "kfold_acc": 0.78
    }
  },
  "physical_relations": {
    "Falcon3-10B-Base": {
      "plain_bias": 0.08695652173913043,
      "kfold_bias": -0.021739130434782608,
      "plain_acc": 0.5869565217391305,
      "kfold_acc": 0.5760869565217391
    },
    "Falcon3-10B-Instruct": {
      "plain_bias": 0.14130434782608695,
      "kfold_bias": 0.05434782608695652,
      "plain_acc": 0.5815217391304348,
      "kfold_acc": 0.6032608695652174
    },
    "Falcon3-3B-Base": {
      "plain_bias": 0.8043478260869565,
      "kfold_bias": -0.03260869565217391,
      "plain_acc": 0.5543478260869565,
      "kfold_acc": 0.5271739130434783
    },
    "Falcon3-3B-Instruct": {
      "plain_bias": -0.2826086956521739,
      "kfold_bias": -0.20652173913043478,
      "plain_acc": 0.6086956521739131,
      "kfold_acc": 0.6141304347826086
    }
  },
  "spatial_relations": {
    "Falcon3-10B-Base": {
      "plain_bias": -0.33783783783783783,
      "kfold_bias": -0.2702702702702703,
      "plain_acc": 0.6418918918918919,
      "kfold_acc": 0.6216216216216216
    },