{
  "babi": {
    "Falcon3-10B-Base": {
      "plain_bias": -0.12833333333333333,
      "kfold_bias": -0.043333333333333335,
      "plain_acc": 0.8975,
      "kfold_acc": 0.9033333333333333
    },
    "Falcon3-10B-Instruct": {
      "plain_bias": 0.05333333333333334,
      "kfold_bias": 0.006666666666666667,
      "plain_acc": 0.92,
      "kfold_acc": 0.9233333333333333
    },
    "Falcon3-3B-Base": {
      "plain_bias": 0.59,
      "kfold_bias": -0.15166666666666667,
      "plain_acc": 0.705,
      "kfold_acc": 0.8558333333333333
    },
    "Falcon3-3B-Instruct": {
      "plain_bias": -0.26166666666666666,
      "kfold_bias": -0.21333333333333335,
      "plain_acc": 0.8208333333333333,
      "kfold_acc": 0.8333333333333334
    }
  }
}