{
  "social_interactions": {
    "mpt-7b": {
      "plain_bias": -0.27419354838709675,
      "kfold_bias": -0.25806451612903225,
      "plain_acc": 0.75,
      "kfold_acc": 0.7419354838709677
    },
    "mpt-7b-chat": {
      "plain_bias": 0.3709677419354839,
      "kfold_bias": -0.1935483870967742,
      "plain_acc": 0.7016129032258065,
      "kfold_acc": 0.7258064516129032
    },
    "mpt-30b": {
      "plain_bias": 0.3387096774193548,
      "kfold_bias": -0.12903225806451613,
      "plain_acc": 0.7983870967741935,
      "kfold_acc": 0.8387096774193549
    },
    "mpt-30b-chat": {
      "plain_bias": 0.04838709677419355,
      "kfold_bias": 0.20967741935483872,
      "plain_acc": 0.9112903225806451,
      "kfold_acc": 0.8467741935483871
    }
  },
  "social_properties": {
    "mpt-7b": {
      "plain_bias": 0.13513513513513514,
      "kfold_bias": 0.16216216216216217,
      "plain_acc": 0.7432432432432432,
      "kfold_acc": 0.7297297297297297
    },
    "mpt-7b-chat": {
      "plain_bias": 0.22972972972972974,
      "kfold_bias": -0.12162162162162163,
      "plain_acc": 0.7635135135135135,
      "kfold_acc": 0.7364864864864865
    },
    "mpt-30b": {
      "plain_bias": 0.10810810810810811,
      "kfold_bias": 0.21621621621621623,
      "plain_acc": 0.7972972972972973,
      "kfold_acc": 0.8108108108108109
    },
    "mpt-30b-chat": {
      "plain_bias": 0.0,
      "kfold_bias": 0.08108108108108109,
      "plain_acc": 0.8648648648648649,
      "kfold_acc": 0.8648648648648649
    }
  },
  "material_dynamics": {
    "mpt-7b": {
      "plain_bias": 0.9552238805970149,
      "kfold_bias": 0.24242424242424243,
      "plain_acc": 0.5074626865671642,
      "kfold_acc": 0.5671641791044776
    },
    "mpt-7b-chat": {
      "plain_bias": 0.7164179104477612,
      "kfold_bias": -0.13636363636363635,
      "plain_acc": 0.5522388059701493,
      "kfold_acc": 0.5895522388059702
    },
    "mpt-30b": {
      "plain_bias": 0.029850746268656716,
      "kfold_bias": 0.09090909090909091,
      "plain_acc": 0.746268656716418,
      "kfold_acc": 0.7164179104477612
    },
    "mpt-30b-chat": {
      "plain_bias": -0.43283582089552236,
      "kfold_bias": 0.22727272727272727,
      "plain_acc": 0.7089552238805971,
      "kfold_acc": 0.6791044776119403
    }
  },
  "social_relations": {
    "mpt-7b": {
      "plain_bias": 0.5426829268292683,
      "kfold_bias": -0.18902439024390244,
      "plain_acc": 0.5335365853658537,
      "kfold_acc": 0.5640243902439024
    },
    "mpt-7b-chat": {
      "plain_bias": 0.4268292682926829,
      "kfold_bias": 0.07317073170731707,
      "plain_acc": 0.5792682926829268,
      "kfold_acc": 0.5975609756097561
    },
    "mpt-30b": {
      "plain_bias": 0.3048780487804878,
      "kfold_bias": -0.012195121951219513,
      "plain_acc": 0.6280487804878049,
      "kfold_acc": 0.6219512195121951
    },
    "mpt-30b-chat": {
      "plain_bias": 0.11585365853658537,
      "kfold_bias": 0.054878048780487805,
      "plain_acc": 0.6798780487804879,
      "kfold_acc": 0.6859756097560976
    }
  },
  "quantitative_properties": {
    "mpt-7b": {
      "plain_bias": -0.15942028985507245,
      "kfold_bias": -0.17647058823529413,
      "plain_acc": 0.6739130434782609,
      "kfold_acc": 0.6666666666666666
    },
    "mpt-7b-chat": {
      "plain_bias": -0.15942028985507245,
      "kfold_bias": -0.07352941176470588,
      "plain_acc": 0.6594202898550725,
      "kfold_acc": 0.644927536231884
    },
    "mpt-30b": {
      "plain_bias": 0.34782608695652173,
      "kfold_bias": 0.014705882352941176,
      "plain_acc": 0.6811594202898551,
      "kfold_acc": 0.6304347826086957
    },
    "mpt-30b-chat": {
      "plain_bias": -0.08695652173913043,
      "kfold_bias": 0.20588235294117646,
      "plain_acc": 0.7681159420289855,
      "kfold_acc": 0.7681159420289855
    }
  },
  "physical_dynamics": {
    "mpt-7b": {
      "plain_bias": -0.3,
      "kfold_bias": 0.23333333333333334,
      "plain_acc": 0.65,
      "kfold_acc": 0.5833333333333334
    },
    "mpt-7b-chat": {
      "plain_bias": -0.6333333333333333,
      "kfold_bias": -0.03333333333333333,
      "plain_acc": 0.65,
      "kfold_acc": 0.6166666666666667
    },
    "mpt-30b": {
      "plain_bias": 0.26666666666666666,
      "kfold_bias": -0.26666666666666666,
      "plain_acc": 0.7,
      "kfold_acc": 0.7
    },
    "mpt-30b-chat": {
      "plain_bias": -0.13333333333333333,
      "kfold_bias": 0.06666666666666667,
      "plain_acc": 0.7333333333333333,
      "kfold_acc": 0.7333333333333333
    }
  },
  "agent_properties": {
    "mpt-7b": {
      "plain_bias": 0.4421768707482993,
      "kfold_bias": -0.14625850340136054,
      "plain_acc": 0.564625850340136,
      "kfold_acc": 0.5799319727891157
    },
    "mpt-7b-chat": {
      "plain_bias": 0.21768707482993196,
      "kfold_bias": -0.07142857142857142,
      "plain_acc": 0.5816326530612245,
      "kfold_acc": 0.5731292517006803
    },
    "mpt-30b": {
      "plain_bias": 0.6360544217687075,
      "kfold_bias": 0.006802721088435374,
      "plain_acc": 0.5901360544217688,
      "kfold_acc": 0.6768707482993197
    },
    "mpt-30b-chat": {
      "plain_bias": 0.2108843537414966,
      "kfold_bias": 0.15306122448979592,
      "plain_acc": 0.7108843537414966,
      "kfold_acc": 0.7125850340136054
    }
  },
  "physical_interactions": {
    "mpt-7b": {
      "plain_bias": -0.5217391304347826,
      "kfold_bias": 0.20652173913043478,
      "plain_acc": 0.532608695652174,
      "kfold_acc": 0.5489130434782609
    },
    "mpt-7b-chat": {
      "plain_bias": -0.5760869565217391,
      "kfold_bias": 0.05434782608695652,
      "plain_acc": 0.5380434782608695,
      "kfold_acc": 0.5706521739130435
    },
    "mpt-30b": {
      "plain_bias": 0.0,
      "kfold_bias": 0.10869565217391304,
      "plain_acc": 0.5434782608695652,
      "kfold_acc": 0.5760869565217391
    },
    "mpt-30b-chat": {
      "plain_bias": -0.30434782608695654,
      "kfold_bias": 0.14130434782608695,
      "plain_acc": 0.5869565217391305,
      "kfold_acc": 0.5815217391304348
    }
  },
  "material_properties": {
    "mpt-7b": {
      "plain_bias": 0.44,
      "kfold_bias": 0.24,
      "plain_acc": 0.58,
      "kfold_acc": 0.54
    },
    "mpt-7b-chat": {
      "plain_bias": -0.02,
      "kfold_bias": -0.02,
      "plain_acc": 0.65,
      "kfold_acc": 0.65
    },
    "mpt-30b": {
      "plain_bias": 0.2,
      "kfold_bias": 0.22,
      "plain_acc": 0.66,
      "kfold_acc": 0.65
    },
    "mpt-30b-chat": {
      "plain_bias": -0.18,
      "kfold_bias": 0.2,
      "plain_acc": 0.71,
      "kfold_acc": 0.7
    }
  },
  "physical_relations": {
    "mpt-7b": {
      "plain_bias": 0.09782608695652174,
      "kfold_bias": 0.13043478260869565,
      "plain_acc": 0.5706521739130435,
      "kfold_acc": 0.5652173913043478
    },
    "mpt-7b-chat": {
      "plain_bias": -0.41304347826086957,
      "kfold_bias": -0.043478260869565216,
      "plain_acc": 0.5434782608695652,
      "kfold_acc": 0.5434782608695652
    },
    "mpt-30b": {
      "plain_bias": 0.25,
      "kfold_bias": 0.391304347826087,
      "plain_acc": 0.5489130434782609,
      "kfold_acc": 0.5108695652173914
    },
    "mpt-30b-chat": {
      "plain_bias": -0.43478260869565216,
      "kfold_bias": 0.14130434782608695,
      "plain_acc": 0.5434782608695652,
      "kfold_acc": 0.5489130434782609
    }
  },
  "spatial_relations": {
    "mpt-7b": {
      "plain_bias": 0.10810810810810811,
      "kfold_bias": 0.12162162162162163,
      "plain_acc": 0.527027027027027,
      "kfold_acc": 0.5202702702702703
    },
    "mpt-7b-chat": {
      "plain_bias": -0.43243243243243246,
      "kfold_bias": -0.04054054054054054,
      "plain_acc": 0.5405405405405406,
      "kfold_acc": 0.5337837837837838
    },
    "mpt-30b": {
      "plain_bias": 0.8783783783783784,
      "kfold_bias": 0.06756756756756757,
      "plain_acc": 0.5202702702702703,
      "kfold_acc": 0.5608108108108109
    },
    "mpt-30b-chat": {
      "plain_bias": 0.06756756756756757,