{
  "comps": {
    "Llama-2-7b-hf": {
      "plain_bias": 0.9685714285714285,
      "kfold_bias": -0.005714285714285714,
      "plain_acc": 0.5114285714285715,
      "kfold_acc": 0.8052380952380952
    },
    "Llama-2-7b-chat-hf": {
      "plain_bias": 0.1580952380952381,
      "kfold_bias": 0.021904761904761906,
      "plain_acc": 0.8261904761904761,
      "kfold_acc": 0.8485714285714285
    },
    "Llama-2-13b-hf": {
      "plain_bias": 0.37142857142857144,
      "kfold_bias": -0.06857142857142857,
      "plain_acc": 0.768095238095238,
      "kfold_acc": 0.8471428571428572
    },
    "Llama-2-13b-chat-hf": {
      "plain_bias": -0.20857142857142857,
      "kfold_bias": -0.045714285714285714,
      "plain_acc": 0.8276190476190476,
      "kfold_acc": 0.8442857142857143
    }
  }
}