{
  "babi": {
    "mpt-7b": {
      "plain_bias": 0.11,
      "kfold_bias": 0.10666666666666667,
      "plain_acc": 0.6616666666666666,
      "kfold_acc": 0.6566666666666666
    },
    "mpt-7b-chat": {
      "plain_bias": -0.5966666666666667,
      "kfold_bias": -0.11333333333333333,
      "plain_acc": 0.6533333333333333,
      "kfold_acc": 0.6883333333333334
    },
    "mpt-30b": {
      "plain_bias": 0.32166666666666666,
      "kfold_bias": -0.20166666666666666,
      "plain_acc": 0.7191666666666666,
      "kfold_acc": 0.7808333333333334
    },
    "mpt-30b-chat": {
      "plain_bias": -0.325,
      "kfold_bias": 0.08833333333333333,
      "plain_acc": 0.7575,
      "kfold_acc": 0.7975
    }
  }
}