{
  "babi": {
    "Llama-2-7b-hf": {
      "plain_bias": 0.8516666666666667,
      "kfold_bias": 0.15333333333333332,
      "plain_acc": 0.5741666666666667,
      "kfold_acc": 0.8083333333333333
    },
    "Llama-2-7b-chat-hf": {
      "plain_bias": 0.295,
      "kfold_bias": 0.06666666666666667,
      "plain_acc": 0.8291666666666667,
      "kfold_acc": 0.8633333333333333
    },
    "Llama-2-13b-hf": {
      "plain_bias": 0.25,
      "kfold_bias": -0.0033333333333333335,
      "plain_acc": 0.7933333333333333,
      "kfold_acc": 0.7816666666666666
    },
    "Llama-2-13b-chat-hf": {
      "plain_bias": -0.09833333333333333,
      "kfold_bias": 0.041666666666666664,
      "plain_acc": 0.8375,
      "kfold_acc": 0.8508333333333333
    }
  }
}