{
  "social_interactions": {
    "Falcon3-10B-Base": {
      "plain_bias": 0.25806451612903225,
      "kfold_bias": -0.08064516129032258,
      "plain_acc": 0.7258064516129032,
      "kfold_acc": 0.8306451612903226
    },
    "Falcon3-10B-Instruct": {
      "plain_bias": 0.20967741935483872,
      "kfold_bias": -0.03225806451612903,
      "plain_acc": 0.7983870967741935,
      "kfold_acc": 0.8064516129032258
    },
    "Falcon3-3B-Base": {
      "plain_bias": 0.6935483870967742,
      "kfold_bias": -0.016129032258064516,
      "plain_acc": 0.5887096774193549,
      "kfold_acc": 0.7338709677419355
    },
    "Falcon3-3B-Instruct": {
      "plain_bias": -0.3064516129032258,
      "kfold_bias": 0.08064516129032258,
      "plain_acc": 0.7983870967741935,
      "kfold_acc": 0.7661290322580645
    }
  },
  "social_properties": {
    "Falcon3-10B-Base": {
      "plain_bias": -0.013513513513513514,
      "kfold_bias": -0.0945945945945946,
      "plain_acc": 0.7635135135135135,
      "kfold_acc": 0.777027027027027
    },
    "Falcon3-10B-Instruct": {
      "plain_bias": 0.0,
      "kfold_bias": -0.04054054054054054,
      "plain_acc": 0.8378378378378378,
      "kfold_acc": 0.8445945945945946
    },
    "Falcon3-3B-Base": {
      "plain_bias": 0.47297297297297297,
      "kfold_bias": -0.17567567567567569,
      "plain_acc": 0.668918918918919,
      "kfold_acc": 0.668918918918919
    },
    "Falcon3-3B-Instruct": {
      "plain_bias": -0.47297297297297297,
      "kfold_bias": -0.013513513513513514,
      "plain_acc": 0.7364864864864865,
      "kfold_acc": 0.777027027027027
    }
  },
  "material_dynamics": {
    "Falcon3-10B-Base": {
      "plain_bias": 0.5522388059701493,
      "kfold_bias": 0.015151515151515152,
      "plain_acc": 0.664179104477612,
      "kfold_acc": 0.7089552238805971
    },
    "Falcon3-10B-Instruct": {
      "plain_bias": 0.7164179104477612,
      "kfold_bias": -0.015151515151515152,
      "plain_acc": 0.6119402985074627,
      "kfold_acc": 0.6492537313432836
    },
    "Falcon3-3B-Base": {
      "plain_bias": 0.8805970149253731,
      "kfold_bias": -0.045454545454545456,
      "plain_acc": 0.5447761194029851,
      "kfold_acc": 0.5895522388059702
    },
    "Falcon3-3B-Instruct": {
      "plain_bias": 0.3283582089552239,
      "kfold_bias": 0.030303030303030304,
      "plain_acc": 0.5970149253731343,
      "kfold_acc": 0.582089552238806
    }
  },
  "social_relations": {
    "Falcon3-10B-Base": {
      "plain_bias": 0.3902439024390244,
      "kfold_bias": 0.04878048780487805,
      "plain_acc": 0.573170731707317,
      "kfold_acc": 0.6097560975609756
    },
    "Falcon3-10B-Instruct": {
      "plain_bias": 0.5060975609756098,
      "kfold_bias": 0.06097560975609756,
      "plain_acc": 0.6189024390243902,
      "kfold_acc": 0.6585365853658537
    },
    "Falcon3-3B-Base": {
      "plain_bias": 0.8048780487804879,
      "kfold_bias": 0.0975609756097561,
      "plain_acc": 0.5365853658536586,
      "kfold_acc": 0.5609756097560976
    },
    "Falcon3-3B-Instruct": {
      "plain_bias": -0.8536585365853658,
      "kfold_bias": 0.036585365853658534,
      "plain_acc": 0.5426829268292683,
      "kfold_acc": 0.6219512195121951
    }
  },
  "quantitative_properties": {
    "Falcon3-10B-Base": {
      "plain_bias": 0.11594202898550725,
      "kfold_bias": -0.014705882352941176,
      "plain_acc": 0.7971014492753623,
      "kfold_acc": 0.7753623188405797
    },
    "Falcon3-10B-Instruct": {
      "plain_bias": 0.043478260869565216,
      "kfold_bias": 0.014705882352941176,
      "plain_acc": 0.8478260869565217,
      "kfold_acc": 0.8333333333333334
    },
    "Falcon3-3B-Base": {
      "plain_bias": 0.7246376811594203,
      "kfold_bias": -0.04411764705882353,
      "plain_acc": 0.5942028985507246,
      "kfold_acc": 0.6739130434782609
    },
    "Falcon3-3B-Instruct": {
      "plain_bias": -0.057971014492753624,
      "kfold_bias": -0.029411764705882353,
      "plain_acc": 0.7101449275362319,
      "kfold_acc": 0.6811594202898551
    }
  },
  "physical_dynamics": {
    "Falcon3-10B-Base": {
      "plain_bias": 0.5666666666666667,
      "kfold_bias": 0.03333333333333333,
      "plain_acc": 0.7166666666666667,
      "kfold_acc": 0.55
    },
    "Falcon3-10B-Instruct": {
      "plain_bias": 0.7,
      "kfold_bias": 0.26666666666666666,
      "plain_acc": 0.65,
      "kfold_acc": 0.7
    },
    "Falcon3-3B-Base": {
      "plain_bias": 0.43333333333333335,
      "kfold_bias": -0.1,
      "plain_acc": 0.5833333333333334,
      "kfold_acc": 0.65
    },
    "Falcon3-3B-Instruct": {
      "plain_bias": 0.06666666666666667,
      "kfold_bias": 0.1,
      "plain_acc": 0.7,
      "kfold_acc": 0.6833333333333333
    }
  },
  "agent_properties": {
    "Falcon3-10B-Base": {
      "plain_bias": 0.29931972789115646,
      "kfold_bias": 0.09183673469387756,
      "plain_acc": 0.6462585034013606,
      "kfold_acc": 0.6683673469387755
    },
    "Falcon3-10B-Instruct": {
      "plain_bias": 0.19047619047619047,
      "kfold_bias": 0.1054421768707483,
      "plain_acc": 0.7244897959183674,
      "kfold_acc": 0.7431972789115646
    },
    "Falcon3-3B-Base": {
      "plain_bias": 0.7653061224489796,
      "kfold_bias": -0.08843537414965986,
      "plain_acc": 0.532312925170068,
      "kfold_acc": 0.5544217687074829
    },
    "Falcon3-3B-Instruct": {
      "plain_bias": -0.41156462585034015,
      "kfold_bias": 0.08503401360544217,
      "plain_acc": 0.6037414965986394,
      "kfold_acc": 0.6207482993197279
    }
  },
  "physical_interactions": {
    "Falcon3-10B-Base": {
      "plain_bias": 0.6413043478260869,
      "kfold_bias": -0.021739130434782608,
      "plain_acc": 0.5054347826086957,
      "kfold_acc": 0.5652173913043478
    },
    "Falcon3-10B-Instruct": {
      "plain_bias": 0.5543478260869565,
      "kfold_bias": 0.043478260869565216,
      "plain_acc": 0.5815217391304348,
      "kfold_acc": 0.5760869565217391
    },
    "Falcon3-3B-Base": {
      "plain_bias": 0.2717391304347826,
      "kfold_bias": 0.05434782608695652,
      "plain_acc": 0.483695652173913,
      "kfold_acc": 0.5163043478260869
    },
    "Falcon3-3B-Instruct": {
      "plain_bias": -0.3804347826086957,
      "kfold_bias": -0.010869565217391304,
      "plain_acc": 0.5706521739130435,
      "kfold_acc": 0.5054347826086957
    }
  },
  "material_properties": {
    "Falcon3-10B-Base": {
      "plain_bias": 0.4,
      "kfold_bias": 0.12,
      "plain_acc": 0.68,
      "kfold_acc": 0.72
    },
    "Falcon3-10B-Instruct": {
      "plain_bias": 0.58,
      "kfold_bias": 0.14,
      "plain_acc": 0.65,
      "kfold_acc": 0.77
    },
    "Falcon3-3B-Base": {
      "plain_bias": 0.36,
      "kfold_bias": -0.02,
      "plain_acc": 0.68,
      "kfold_acc": 0.63
    },
    "Falcon3-3B-Instruct": {
      "plain_bias": -0.08,
      "kfold_bias": -0.08,
      "plain_acc": 0.76,
      "kfold_acc": 0.74
    }
  },
  "physical_relations": {
    "Falcon3-10B-Base": {
      "plain_bias": 0.4782608695652174,
      "kfold_bias": 0.03260869565217391,
      "plain_acc": 0.5869565217391305,
      "kfold_acc": 0.6467391304347826
    },
    "Falcon3-10B-Instruct": {
      "plain_bias": 0.5434782608695652,
      "kfold_bias": 0.10869565217391304,
      "plain_acc": 0.6195652173913043,
      "kfold_acc": 0.6304347826086957
    },
    "Falcon3-3B-Base": {
      "plain_bias": 0.42391304347826086,
      "kfold_bias": 0.021739130434782608,
      "plain_acc": 0.5271739130434783,
      "kfold_acc": 0.5760869565217391
    },
    "Falcon3-3B-Instruct": {
      "plain_bias": -0.043478260869565216,
      "kfold_bias": 0.03260869565217391,
      "plain_acc": 0.5543478260869565,
      "kfold_acc": 0.5489130434782609
    }
  },
  "spatial_relations": {
    "Falcon3-10B-Base": {
      "plain_bias": 0.8783783783783784,
      "kfold_bias": -0.013513513513513514,
      "plain_acc": 0.5337837837837838,
      "kfold_acc": 0.5202702702702703
    },
    "Falcon3-10B-Instruct": {
      "plain_bias": 0.44594594594594594,