{
  "comps": {
    "Llama-2-7b-hf": {
      "plain_bias": 0.37142857142857144,
      "kfold_bias": -0.0038095238095238095,
      "plain_acc": 0.6347619047619047,
      "kfold_acc": 0.6423809523809524
    },
    "Llama-2-7b-chat-hf": {
      "plain_bias": -0.21047619047619048,
      "kfold_bias": 0.02,
      "plain_acc": 0.7066666666666667,
      "kfold_acc": 0.7228571428571429
    },
    "Llama-2-13b-hf": {
      "plain_bias": 0.5304761904761904,
      "kfold_bias": -0.021904761904761906,
      "plain_acc": 0.6095238095238096,
      "kfold_acc": 0.6295238095238095
    },
    "Llama-2-13b-chat-hf": {
      "plain_bias": 0.05333333333333334,
      "kfold_bias": 0.05238095238095238,
      "plain_acc": 0.6871428571428572,
      "kfold_acc": 0.6876190476190476
    }
  }
}