{
  "social_interactions": {
    "Llama-2-7b-hf": {
      "plain_bias": -1.0,
      "kfold_bias": -0.016129032258064516,
      "plain_acc": 0.5,
      "kfold_acc": 0.717741935483871
    },
    "Llama-2-7b-chat-hf": {
      "plain_bias": -0.8064516129032258,
      "kfold_bias": -0.12903225806451613,
      "plain_acc": 0.5967741935483871,
      "kfold_acc": 0.8064516129032258
    },
    "Llama-2-13b-hf": {
      "plain_bias": -0.5645161290322581,
      "kfold_bias": -0.1935483870967742,
      "plain_acc": 0.6209677419354839,
      "kfold_acc": 0.7096774193548387
    },
    "Llama-2-13b-chat-hf": {
      "plain_bias": -0.7258064516129032,
      "kfold_bias": -0.06451612903225806,
      "plain_acc": 0.6370967741935484,
      "kfold_acc": 0.7741935483870968
    }
  },
  "social_properties": {
    "Llama-2-7b-hf": {
      "plain_bias": -0.5135135135135135,
      "kfold_bias": -0.04054054054054054,
      "plain_acc": 0.6486486486486487,
      "kfold_acc": 0.6418918918918919
    },
    "Llama-2-7b-chat-hf": {
      "plain_bias": -0.7972972972972973,
      "kfold_bias": -0.04054054054054054,
      "plain_acc": 0.6013513513513513,
      "kfold_acc": 0.777027027027027
    },
    "Llama-2-13b-hf": {
      "plain_bias": -0.1891891891891892,
      "kfold_bias": 0.06756756756756757,
      "plain_acc": 0.6891891891891891,
      "kfold_acc": 0.6824324324324325
    },
    "Llama-2-13b-chat-hf": {
      "plain_bias": -0.6621621621621622,
      "kfold_bias": -0.08108108108108109,
      "plain_acc": 0.6554054054054054,
      "kfold_acc": 0.7567567567567568
    }
  },
  "material_dynamics": {
    "Llama-2-7b-hf": {
      "plain_bias": -0.5373134328358209,
      "kfold_bias": 0.0,
      "plain_acc": 0.582089552238806,
      "kfold_acc": 0.582089552238806
    },
    "Llama-2-7b-chat-hf": {
      "plain_bias": -0.9104477611940298,
      "kfold_bias": 0.015151515151515152,
      "plain_acc": 0.5,
      "kfold_acc": 0.6791044776119403
    },
    "Llama-2-13b-hf": {
      "plain_bias": 0.44776119402985076,
      "kfold_bias": 0.0,
      "plain_acc": 0.6119402985074627,
      "kfold_acc": 0.6268656716417911
    },
    "Llama-2-13b-chat-hf": {
      "plain_bias": -0.4626865671641791,
      "kfold_bias": 0.015151515151515152,
      "plain_acc": 0.5597014925373134,
      "kfold_acc": 0.5895522388059702
    }
  },
  "social_relations": {
    "Llama-2-7b-hf": {
      "plain_bias": -0.9878048780487805,
      "kfold_bias": 0.006097560975609756,
      "plain_acc": 0.5060975609756098,
      "kfold_acc": 0.5457317073170732
    },
    "Llama-2-7b-chat-hf": {
      "plain_bias": -0.9329268292682927,
      "kfold_bias": 0.07926829268292683,
      "plain_acc": 0.5213414634146342,
      "kfold_acc": 0.5884146341463414
    },
    "Llama-2-13b-hf": {
      "plain_bias": -0.6585365853658537,
      "kfold_bias": -0.14634146341463414,
      "plain_acc": 0.5304878048780488,
      "kfold_acc": 0.5670731707317073
    },
    "Llama-2-13b-chat-hf": {
      "plain_bias": -0.7317073170731707,
      "kfold_bias": 0.012195121951219513,
      "plain_acc": 0.5670731707317073,
      "kfold_acc": 0.6402439024390244
    }
  },
  "quantitative_properties": {
    "Llama-2-7b-hf": {
      "plain_bias": -0.8115942028985508,
      "kfold_bias": 0.08823529411764706,
      "plain_acc": 0.5652173913043478,
      "kfold_acc": 0.5507246376811594
    },
    "Llama-2-7b-chat-hf": {
      "plain_bias": -0.2898550724637681,
      "kfold_bias": 0.0,
      "plain_acc": 0.6086956521739131,
      "kfold_acc": 0.5797101449275363
    },
    "Llama-2-13b-hf": {
      "plain_bias": 0.4057971014492754,
      "kfold_bias": 0.10294117647058823,
      "plain_acc": 0.5797101449275363,
      "kfold_acc": 0.572463768115942
    },
    "Llama-2-13b-chat-hf": {
      "plain_bias": -0.13043478260869565,
      "kfold_bias": -0.029411764705882353,
      "plain_acc": 0.7463768115942029,
      "kfold_acc": 0.6956521739130435
    }
  },
  "physical_dynamics": {
    "Llama-2-7b-hf": {
      "plain_bias": -0.8666666666666667,
      "kfold_bias": -0.1,
      "plain_acc": 0.5,
      "kfold_acc": 0.4166666666666667
    },
    "Llama-2-7b-chat-hf": {
      "plain_bias": -0.8,
      "kfold_bias": -0.13333333333333333,
      "plain_acc": 0.5333333333333333,
      "kfold_acc": 0.5
    },
    "Llama-2-13b-hf": {
      "plain_bias": -0.5666666666666667,
      "kfold_bias": -0.06666666666666667,
      "plain_acc": 0.55,
      "kfold_acc": 0.5333333333333333
    },
    "Llama-2-13b-chat-hf": {
      "plain_bias": -0.7666666666666667,
      "kfold_bias": 0.0,
      "plain_acc": 0.55,
      "kfold_acc": 0.5666666666666667
    }
  },
  "agent_properties": {
    "Llama-2-7b-hf": {
      "plain_bias": -0.891156462585034,
      "kfold_bias": 0.07142857142857142,
      "plain_acc": 0.5204081632653061,
      "kfold_acc": 0.532312925170068
    },
    "Llama-2-7b-chat-hf": {
      "plain_bias": -0.8741496598639455,
      "kfold_bias": -0.1360544217687075,
      "plain_acc": 0.5493197278911565,
      "kfold_acc": 0.6462585034013606
    },
    "Llama-2-13b-hf": {
      "plain_bias": -0.027210884353741496,
      "kfold_bias": 0.1292517006802721,
      "plain_acc": 0.5850340136054422,
      "kfold_acc": 0.5782312925170068
    },
    "Llama-2-13b-chat-hf": {
      "plain_bias": -0.7517006802721088,
      "kfold_bias": -0.07482993197278912,
      "plain_acc": 0.5969387755102041,
      "kfold_acc": 0.6666666666666666
    }
  },
  "physical_interactions": {
    "Llama-2-7b-hf": {
      "plain_bias": -0.967391304347826,
      "kfold_bias": -0.05434782608695652,
      "plain_acc": 0.5054347826086957,
      "kfold_acc": 0.5054347826086957
    },
    "Llama-2-7b-chat-hf": {
      "plain_bias": -0.9565217391304348,
      "kfold_bias": -0.14130434782608695,
      "plain_acc": 0.5108695652173914,
      "kfold_acc": 0.4945652173913043
    },
    "Llama-2-13b-hf": {
      "plain_bias": -0.8804347826086957,
      "kfold_bias": -0.010869565217391304,
      "plain_acc": 0.5163043478260869,
      "kfold_acc": 0.5597826086956522
    },
    "Llama-2-13b-chat-hf": {
      "plain_bias": -0.9565217391304348,
      "kfold_bias": -0.010869565217391304,
      "plain_acc": 0.5108695652173914,
      "kfold_acc": 0.5489130434782609
    }
  },
  "material_properties": {
    "Llama-2-7b-hf": {
      "plain_bias": -0.48,
      "kfold_bias": 0.08,
      "plain_acc": 0.58,
      "kfold_acc": 0.6
    },
    "Llama-2-7b-chat-hf": {
      "plain_bias": -0.88,
      "kfold_bias": 0.06,
      "plain_acc": 0.52,
      "kfold_acc": 0.59
    },
    "Llama-2-13b-hf": {
      "plain_bias": -0.46,
      "kfold_bias": 0.02,
      "plain_acc": 0.57,
      "kfold_acc": 0.63
    },
    "Llama-2-13b-chat-hf": {
      "plain_bias": -0.82,
      "kfold_bias": 0.08,
      "plain_acc": 0.51,
      "kfold_acc": 0.62
    }
  },
  "physical_relations": {
    "Llama-2-7b-hf": {
      "plain_bias": -0.8478260869565217,
      "kfold_bias": -0.021739130434782608,
      "plain_acc": 0.5108695652173914,
      "kfold_acc": 0.5434782608695652
    },
    "Llama-2-7b-chat-hf": {
      "plain_bias": -0.9239130434782609,
      "kfold_bias": 0.0,
      "plain_acc": 0.5163043478260869,
      "kfold_acc": 0.5434782608695652
    },
    "Llama-2-13b-hf": {
      "plain_bias": -0.7717391304347826,
      "kfold_bias": 0.09782608695652174,
      "plain_acc": 0.5271739130434783,
      "kfold_acc": 0.5380434782608695
    },
    "Llama-2-13b-chat-hf": {
      "plain_bias": -0.8152173913043478,
      "kfold_bias": 0.16304347826086957,
      "plain_acc": 0.5380434782608695,
      "kfold_acc": 0.5597826086956522
    }
  },
  "spatial_relations": {
    "Llama-2-7b-hf": {
      "plain_bias": -0.9054054054054054,
      "kfold_bias": 0.02702702702702703,
      "plain_acc": 0.49324324324324326,
      "kfold_acc": 0.5405405405405406
    },
    "Llama-2-7b-chat-hf": {
      "plain_bias": -0.7297297297297297,
      "kfold_bias": -0.10810810810810811,
      "plain_acc": 0.5135135135135135,
      "kfold_acc": 0.5
    },