{
  "babi": {
    "mpt-7b": {
      "plain_bias": -0.615,
      "kfold_bias": -0.028333333333333332,
      "plain_acc": 0.44416666666666665,
      "kfold_acc": 0.49583333333333335
    },
    "mpt-7b-chat": {
      "plain_bias": -0.895,
      "kfold_bias": 0.0033333333333333335,
      "plain_acc": 0.5191666666666667,
      "kfold_acc": 0.6183333333333333
    },
    "mpt-30b": {
      "plain_bias": -0.81,
      "kfold_bias": 0.09833333333333333,
      "plain_acc": 0.5633333333333334,
      "kfold_acc": 0.7441666666666666
    },
    "mpt-30b-chat": {
      "plain_bias": -0.7483333333333333,
      "kfold_bias": 0.08,
      "plain_acc": 0.5775,
      "kfold_acc": 0.7666666666666667
    }
  }
}