{
  "social_interactions": {
    "mpt-7b": {
      "plain_bias": -0.9032258064516129,
      "kfold_bias": -0.03225806451612903,
      "plain_acc": 0.5483870967741935,
      "kfold_acc": 0.6290322580645161
    },
    "mpt-7b-chat": {
      "plain_bias": -0.5161290322580645,
      "kfold_bias": -0.04838709677419355,
      "plain_acc": 0.6774193548387096,
      "kfold_acc": 0.6854838709677419
    },
    "mpt-30b": {
      "plain_bias": -0.9838709677419355,
      "kfold_bias": -0.0967741935483871,
      "plain_acc": 0.5080645161290323,
      "kfold_acc": 0.6774193548387096
    },
    "mpt-30b-chat": {
      "plain_bias": -0.7258064516129032,
      "kfold_bias": -0.03225806451612903,
      "plain_acc": 0.6370967741935484,
      "kfold_acc": 0.8548387096774194
    }
  },
  "social_properties": {
    "mpt-7b": {
      "plain_bias": -0.10810810810810811,
      "kfold_bias": 0.08108108108108109,
      "plain_acc": 0.6621621621621622,
      "kfold_acc": 0.6621621621621622
    },
    "mpt-7b-chat": {
      "plain_bias": -0.02702702702702703,
      "kfold_bias": 0.02702702702702703,
      "plain_acc": 0.6891891891891891,
      "kfold_acc": 0.7027027027027027
    },
    "mpt-30b": {
      "plain_bias": -0.5540540540540541,
      "kfold_bias": 0.06756756756756757,
      "plain_acc": 0.668918918918919,
      "kfold_acc": 0.6824324324324325
    },
    "mpt-30b-chat": {
      "plain_bias": -0.4864864864864865,
      "kfold_bias": 0.10810810810810811,
      "plain_acc": 0.7162162162162162,
      "kfold_acc": 0.7162162162162162
    }
  },
  "material_dynamics": {
    "mpt-7b": {
      "plain_bias": -0.1791044776119403,
      "kfold_bias": 0.015151515151515152,
      "plain_acc": 0.6268656716417911,
      "kfold_acc": 0.5597014925373134
    },
    "mpt-7b-chat": {
      "plain_bias": -0.8059701492537313,
      "kfold_bias": 0.045454545454545456,
      "plain_acc": 0.582089552238806,
      "kfold_acc": 0.5597014925373134
    },
    "mpt-30b": {
      "plain_bias": -0.31343283582089554,
      "kfold_bias": 0.10606060606060606,
      "plain_acc": 0.6194029850746269,
      "kfold_acc": 0.5895522388059702
    },
    "mpt-30b-chat": {
      "plain_bias": 0.04477611940298507,
      "kfold_bias": -0.045454545454545456,
      "plain_acc": 0.6791044776119403,
      "kfold_acc": 0.6492537313432836
    }
  },
  "social_relations": {
    "mpt-7b": {
      "plain_bias": -0.6829268292682927,
      "kfold_bias": -0.23170731707317074,
      "plain_acc": 0.5426829268292683,
      "kfold_acc": 0.5487804878048781
    },
    "mpt-7b-chat": {
      "plain_bias": -0.1524390243902439,
      "kfold_bias": -0.006097560975609756,
      "plain_acc": 0.5335365853658537,
      "kfold_acc": 0.5396341463414634
    },
    "mpt-30b": {
      "plain_bias": -0.9878048780487805,
      "kfold_bias": 0.006097560975609756,
      "plain_acc": 0.5060975609756098,
      "kfold_acc": 0.5945121951219512
    },
    "mpt-30b-chat": {
      "plain_bias": -0.8963414634146342,
      "kfold_bias": -0.024390243902439025,
      "plain_acc": 0.5335365853658537,
      "kfold_acc": 0.6219512195121951
    }
  },
  "quantitative_properties": {
    "mpt-7b": {
      "plain_bias": -0.11594202898550725,
      "kfold_bias": -0.058823529411764705,
      "plain_acc": 0.5942028985507246,
      "kfold_acc": 0.5797101449275363
    },
    "mpt-7b-chat": {
      "plain_bias": -0.14492753623188406,
      "kfold_bias": 0.04411764705882353,
      "plain_acc": 0.6086956521739131,
      "kfold_acc": 0.6159420289855072
    },
    "mpt-30b": {
      "plain_bias": -0.5072463768115942,
      "kfold_bias": -0.014705882352941176,
      "plain_acc": 0.6159420289855072,
      "kfold_acc": 0.6304347826086957
    },
    "mpt-30b-chat": {
      "plain_bias": -0.6086956521739131,
      "kfold_bias": -0.04411764705882353,
      "plain_acc": 0.6666666666666666,
      "kfold_acc": 0.7463768115942029
    }
  },
  "physical_dynamics": {
    "mpt-7b": {
      "plain_bias": -0.8,
      "kfold_bias": 0.03333333333333333,
      "plain_acc": 0.5333333333333333,
      "kfold_acc": 0.5166666666666667
    },
    "mpt-7b-chat": {
      "plain_bias": -0.8666666666666667,
      "kfold_bias": -0.16666666666666666,
      "plain_acc": 0.4666666666666667,
      "kfold_acc": 0.55
    },
    "mpt-30b": {
      "plain_bias": -0.9666666666666667,
      "kfold_bias": -0.06666666666666667,
      "plain_acc": 0.5166666666666667,
      "kfold_acc": 0.5
    },
    "mpt-30b-chat": {
      "plain_bias": -0.7666666666666667,
      "kfold_bias": -0.03333333333333333,
      "plain_acc": 0.55,
      "kfold_acc": 0.55
    }
  },
  "agent_properties": {
    "mpt-7b": {
      "plain_bias": 0.09523809523809523,
      "kfold_bias": 0.08843537414965986,
      "plain_acc": 0.5408163265306123,
      "kfold_acc": 0.5272108843537415
    },
    "mpt-7b-chat": {
      "plain_bias": -0.41156462585034015,
      "kfold_bias": -0.06462585034013606,
      "plain_acc": 0.5459183673469388,
      "kfold_acc": 0.5459183673469388
    },
    "mpt-30b": {
      "plain_bias": -0.8809523809523809,
      "kfold_bias": 0.05102040816326531,
      "plain_acc": 0.5221088435374149,
      "kfold_acc": 0.5935374149659864
    },
    "mpt-30b-chat": {
      "plain_bias": -0.7857142857142857,
      "kfold_bias": 0.030612244897959183,
      "plain_acc": 0.5833333333333334,
      "kfold_acc": 0.6105442176870748
    }
  },
  "physical_interactions": {
    "mpt-7b": {
      "plain_bias": -0.9891304347826086,
      "kfold_bias": 0.09782608695652174,
      "plain_acc": 0.4945652173913043,
      "kfold_acc": 0.5271739130434783
    },
    "mpt-7b-chat": {
      "plain_bias": -0.9782608695652174,
      "kfold_bias": -0.010869565217391304,
      "plain_acc": 0.4891304347826087,
      "kfold_acc": 0.5163043478260869
    },
    "mpt-30b": {
      "plain_bias": -0.9891304347826086,
      "kfold_bias": -0.03260869565217391,
      "plain_acc": 0.5054347826086957,
      "kfold_acc": 0.5380434782608695
    },
    "mpt-30b-chat": {
      "plain_bias": -0.9239130434782609,
      "kfold_bias": 0.021739130434782608,
      "plain_acc": 0.5271739130434783,
      "kfold_acc": 0.5108695652173914
    }
  },
  "material_properties": {
    "mpt-7b": {
      "plain_bias": 0.08,
      "kfold_bias": 0.12,
      "plain_acc": 0.56,
      "kfold_acc": 0.56
    },
    "mpt-7b-chat": {
      "plain_bias": -0.26,
      "kfold_bias": -0.14,
      "plain_acc": 0.53,
      "kfold_acc": 0.51
    },
    "mpt-30b": {
      "plain_bias": -0.56,
      "kfold_bias": 0.02,
      "plain_acc": 0.6,
      "kfold_acc": 0.59
    },
    "mpt-30b-chat": {
      "plain_bias": -0.56,
      "kfold_bias": 0.06,
      "plain_acc": 0.56,
      "kfold_acc": 0.61
    }
  },
  "physical_relations": {
    "mpt-7b": {
      "plain_bias": -0.75,
      "kfold_bias": 0.021739130434782608,
      "plain_acc": 0.5271739130434783,
      "kfold_acc": 0.5434782608695652
    },
    "mpt-7b-chat": {
      "plain_bias": -0.5108695652173914,
      "kfold_bias": -0.010869565217391304,
      "plain_acc": 0.5163043478260869,
      "kfold_acc": 0.5163043478260869
    },
    "mpt-30b": {
      "plain_bias": -0.7065217391304348,
      "kfold_bias": -0.10869565217391304,
      "plain_acc": 0.5271739130434783,
      "kfold_acc": 0.5217391304347826
    },
    "mpt-30b-chat": {
      "plain_bias": -0.8152173913043478,
      "kfold_bias": 0.021739130434782608,
      "plain_acc": 0.483695652173913,
      "kfold_acc": 0.532608695652174
    }
  },
  "spatial_relations": {
    "mpt-7b": {
      "plain_bias": -0.4594594594594595,
      "kfold_bias": -0.10810810810810811,
      "plain_acc": 0.4864864864864865,
      "kfold_acc": 0.5135135135135135
    },
    "mpt-7b-chat": {
      "plain_bias": -0.5135135135135135,
      "kfold_bias": 0.05405405405405406,
      "plain_acc": 0.4864864864864865,
      "kfold_acc": 0.5405405405405406
    },
    "mpt-30b": {
      "plain_bias": -0.527027027027027,
      "kfold_bias": -0.10810810810810811,
      "plain_acc": 0.5202702702702703,