{
  "babi": {
    "Qwen1.5-7B": {
      "plain_bias": -0.31666666666666665,
      "kfold_bias": -0.03833333333333333,
      "plain_acc": 0.765,
      "kfold_acc": 0.8058333333333333
    },
    "Qwen1.5-7B-Chat": {
      "plain_bias": -0.19333333333333333,
      "kfold_bias": -0.18666666666666668,
      "plain_acc": 0.8533333333333334,
      "kfold_acc": 0.855
    },
    "Qwen1.5-32B": {
      "plain_bias": 0.24166666666666667,
      "kfold_bias": -0.05333333333333334,
      "plain_acc": 0.8341666666666666,
      "kfold_acc": 0.865
    },
    "Qwen1.5-32B-Chat": {
      "plain_bias": -0.09,
      "kfold_bias": -0.115,
      "plain_acc": 0.8966666666666666,
      "kfold_acc": 0.8991666666666667
    }
  }
}