{
  "comps": {
    "mpt-7b": {
      "plain_bias": 0.5371428571428571,
      "kfold_bias": -0.10571428571428572,
      "plain_acc": 0.6023809523809524,
      "kfold_acc": 0.5952380952380952
    },
    "mpt-7b-chat": {
      "plain_bias": 0.22476190476190477,
      "kfold_bias": 0.02761904761904762,
      "plain_acc": 0.669047619047619,
      "kfold_acc": 0.6685714285714286
    },
    "mpt-30b": {
      "plain_bias": -0.12857142857142856,
      "kfold_bias": 0.002857142857142857,
      "plain_acc": 0.6485714285714286,
      "kfold_acc": 0.6714285714285714
    },
    "mpt-30b-chat": {
      "plain_bias": -0.2276190476190476,
      "kfold_bias": 0.023809523809523808,
      "plain_acc": 0.7076190476190476,
      "kfold_acc": 0.74
    }
  }
}