{
  "babi": {
    "Falcon3-10B-Base": {
      "plain_bias": 0.15,
      "kfold_bias": -0.011666666666666667,
      "plain_acc": 0.865,
      "kfold_acc": 0.9091666666666667
    },
    "Falcon3-10B-Instruct": {
      "plain_bias": 0.08833333333333333,
      "kfold_bias": 0.051666666666666666,
      "plain_acc": 0.8925,
      "kfold_acc": 0.9058333333333334
    },
    "Falcon3-3B-Base": {
      "plain_bias": 0.38166666666666665,
      "kfold_bias": 0.055,
      "plain_acc": 0.7675,
      "kfold_acc": 0.8341666666666666
    },
    "Falcon3-3B-Instruct": {
      "plain_bias": -0.4,
      "kfold_bias": -0.03,
      "plain_acc": 0.79,
      "kfold_acc": 0.835
    }
  }
}