{
  "arith": {
    "Qwen1.5-7B": {
      "plain_bias": -0.36,
      "kfold_bias": 0.15,
      "plain_acc": 0.755,
      "kfold_acc": 0.8433333333333334
    },
    "Qwen1.5-7B-Chat": {
      "plain_bias": -0.5316666666666666,
      "kfold_bias": -0.12166666666666667,
      "plain_acc": 0.7125,
      "kfold_acc": 0.7975
    },
    "Qwen1.5-32B": {
      "plain_bias": 0.16166666666666665,
      "kfold_bias": 0.07166666666666667,
      "plain_acc": 0.9158333333333334,
      "kfold_acc": 0.9425
    },
    "Qwen1.5-32B-Chat": {
      "plain_bias": 0.006666666666666667,
      "kfold_bias": 0.07,
      "plain_acc": 0.9466666666666667,
      "kfold_acc": 0.955
    }
  }
}